pos,seq,section,subsection,pages,notes,year,month,date,head,subhead,capsule,plotlines,themes
1.0,196.0,1.0,1.0,2026-03-10 00:00:00,,2010.0,11.0,November Y.G.,I am in here,Admissions Interview,Hal’s interview with University of Arizona deans. Questions regarding Hal’s rather stellar record.,Hal,"Recur, Inf/Reg, Isolation"
2.0,4.0,1.0,2.0,2026-10-11 00:00:00,,1997.0,,November Y.G.,I ate this,,Hal eating the mold (at age 4 or 5).,"Hal, Orin, Avril","Fear/Obsess, Cycles, Waste, Memory"
3.0,197.0,1.0,3.0,2026-11-13 00:00:00,,2010.0,11.0,November Y.G.,I am not just a boy who plays tennis,"Admissions Interview, cont.","Hal attempts to explain his record to the deans, but is unable because of his affliction. In his internal monologue we meet someone much more expressive and self-aware than the anhedonic Hal we know for much of the book.",Hal,Phys/Ob
4.0,198.0,1.0,4.0,13-15,,2010.0,11.0,November Y.G.,"I simply lie there, listening",Hal on restroom floor,Hal is restrained in a U of AZ men’s room.,Hal,"Recur, Cycles, Inf/Reg, Waste, Isolation, Time"
5.0,199.0,1.0,5.0,15-17,,2010.0,11.0,November Y.G.,I have become an infantophile,So yo then man what’s your story?,"Hal is taken away in an ambulance. Hal remembers himself, Gately, and John Wayne at his father’s grave in Quebec. Evidently after the AFR arrive at ETA some folks are kidnapped and at an unspecified time brought up to Quebec to try to find the samizdat master.",Hal,"Recur, Inf/Reg"
6.0,28.0,2.0,,17-27,1.0,2009.0,,early Y.D.A.U.,An immobility that seemed like the gathering of a force,,"Ken Erdedy, preparing for a marijuana binge, waits for a woman to deliver the goods.",AA&R,"Recur, Fear/Obsess, Cycles, Inf/Reg, Secrets, Waste, Isolation, Non-Action, Loss"
7.0,9.0,3.0,,27-31,,2003.0,4.0,1 April Y.T.M.P.,"Are you hearing me talking, Dad?",A Professional Conversationalist,10-year-old Hal goes to see a therapist; it turns out to be his father in disguise. James Incandenza tells Hal that his tennis racket contains identical materials as the entertainment cartridge implanted in his head.,"Hal, Jim","Recur, Fear/Obsess, Secrets, His/Father"
8.0,58.0,4.0,,32-33,,2009.0,5.0,9 May Y.D.A.U.,The connection was cut,Orin’s phone call rouses Mario,"Hal, now 16, gets a phone call from Orin. Mario wakes up.","Hal, Mario, Orin","Recur, Secrets, His/Father"
9.0,39.0,5.0,1.0,33-37,,2009.0,4.0,1 April Y.D.A.U.,Without having to remove his eyes,Medical Attaché & mystery TP cartridge,The near-eastern medical attaché comes home to relax and watch some TP.,"Samizdat, Tech","Recur, Cycles, Inf/Reg"
10.0,10.0,5.0,2.0,37-38,,2004.0,,Y.T-S.D.B.,Sick down in my insides to look at it,"Wardine, Roy Tony, and Reginald","Clenette narrates, tells a tale about her friend Wardine’s abusive family",AA&R,"Recur, Cycles, Fear/Obsess, His/Father"
11.0,20.0,5.0,3.0,38-39,,2008.0,,1980s,A vision in a sundress and silly shoes,,The tale of Bruce Green and Mildred Bonk.,AA&R,"Recur, Waste, Phys/Ob"
12.0,29.0,6.0,1.0,39-42,,2009.0,,early Y.D.A.U.,From either side of some unbridgeable difference,Hal and Mario talk God and don’t sleep,Hal and Mario in their room at night. They discuss Himself’s funeral and the Moms. Mario says the Moms seems happier. Hal disagrees and tells him to picture a flagpole raised to twice its height.,"Hal, Mario, Avril","Fear/Obsess, His/Father, Isolation, Loss"
13.0,40.0,6.0,2.0,42.0,,2009.0,4.0,"1 April Y.D.A.U., 2010h.",Still watching,Medical Attache update #1,The medical attaché is still watching... (Just one sentence.),Samizdat,"Isolation, Non-Action"
14.0,62.0,6.0,3.0,42-49,2.0,2009.0,10.0,October Y.D.A.U.,A kind of dessicated circle,Orin wakes. Slowly.,"Orin wakes up in Arizona, last night’s “Subject” is gone.",Orin,"Recur, Fear/Obsess, Dreams"
15.0,63.0,7.0,1.0,49-54,2026-03-10 00:00:00,2009.0,10.0,October Y.D.A.U.,Attached to the secrecy,ETA Physical Plant/Pump Room/Hal’s Secrecy,Hal getting secretly high in the basement of Enfield Tennis Academy.,"E.T.A., AA&R, Hal","Recur, Fear/Obsess, Cycles, Secrets, Isolation"
16.0,41.0,7.0,2.0,54.0,11.0,2009.0,4.0,"2 April Y.D.A.U., 0015h.-0020h.","He sits there, attached",Medical Attache update #2,The medical attaché has not moved an inch.,Samizdat,"Cycles, Fear/Obsess, Waste, Isolation, Non-Action"
17.0,59.0,7.0,3.0,54-55,,2009.0,5.0,May Y.D.A.U.,Show the tapes,,Mario’s A/V duties,"E.T.A., Mario","Cycles, His/Father"
18.0,18.0,7.0,4.0,55-60,2026-12-20 00:00:00,2008.0,10.0,Autumn Y.D.P.A.H.,Bound to his chair,Botched DuPlessis Burglary,Don Gately’s criminal career comes to an end after accidentally murdering a Canadian VIP during a robbery. This VIP has ties to various anti-O.N.A.N. groups.,"AA&R, A.F.R., Gately, O.N.A.N.","Recur, Fear/Obsess, Inf/Reg"
19.0,30.0,7.0,5.0,60.0,,2009.0,,early Y.D.A.U.,Killer apps,"InterLace, 932/1864 R.I.S.C. Power TPs...",Description of a state-of-the-art teleputer,Tech,"Inf/Reg, Isolation, Non-Action"
20.0,69.0,7.0,6.0,60-61,21-22,2009.0,11.0,"November Y.D.A.U., after 0745h.",You can’t escape looking,Troeltsch’s rapid onset rhinovirus,Troeltsch sick in bed at ETA.,E.T.A.,"Recur, Fear/Obsess, Secrets, Isolation, Dreams"
21.0,11.0,7.0,7.0,61-63,,2004.0,5.0,April-May Y.T-S.D.B.,A face in the floor,Evil in the dorm room with you,“almost 12”-year-old’s nightmare at ETA (likely Hal).,Hal,"Recur, Cycles, Fear/Obsess, Dreams"
22.0,26.0,8.0,1.0,63-65,23-25,2009.0,,1999.0,The man’s very gradual spiral,"Bio of Himself, info on Avril & C.T.","Brief description and history of ETA and its founder, James O. Incandenza.","Jim, Art/Ent, Avril, Tech","Recur, Cycles, Fear/Obsess, His/Father, Boundaries"
23.0,68.0,8.0,2.0,65-66,,2009.0,11.0,1 November Y.D.A.U.,He doesn’t loop or spiral,,Orin hang-glides into Mile High Stadium on game day.,Orin,"Recur, Fear/Obsess, Boundaries"
24.0,31.0,9.0,1.0,66-67,,2009.0,,early Y.D.A.U.,A kind of semi-sleep-like trance,Pemulis’s pharmocology seminar,"Michael Pemulis, as “Big Buddy,” talks about drugs to his little buddies.","E.T.A., AA&R",Recur
25.0,15.0,9.0,2.0,67-68,26-27,2008.0,,flashback to the year Hal turns 16,A kind of psychodysleptic Sominex,Football field-sized tennis court dream,Hal remembers the first time he got high and relates a tennis dream.,"E.T.A., AA&R, Hal","Recur, Cycles, Boundaries, Dreams"
26.0,32.0,10.0,1.0,68-78,28-30,2009.0,,early Y.D.A.U.,A frightening smile,"Kate Gompert, in hospital",Kate Gompert explains the extent of her addiction to marijuana to a young doctor.,AA&R,"Recur, Fear/Obsess, Isolation, Non-Action, Loss"
27.0,42.0,10.0,2.0,78-79,,2009.0,4.0,"2 April Y.D.A.U., just before 0145h.",His rictus of a face,Medical Attache catatonic,The medical attaché’s wife returns home...,Samizdat,"Recur, Waste, Isolation"
28.0,33.0,10.0,3.0,79-85,31-36,2009.0,,early Y.D.A.U.,The happy pleasure of the person alone,Gerhardt Schtitt & Mario walk and talk,Gerhardt Schtitt and Mario talk game theory on the way to get ice cream.,"E.T.A., Mario","Recur, Cycles, Isolation, Boundaries, Choice"
29.0,76.0,10.0,4.0,85-87,,2009.0,11.0,early November Y.D.A.U.,Little smiles and grimaces,Tiny Ewell’s cab ride,Tiny Ewell and a “big black” rehab staffer are transported to the Ennet House.,AA&R,"Recur, Phys/Ob"
30.0,43.0,10.0,5.0,87.0,,2009.0,4.0,"2 April Y.D.A.U., mid-afternoon",Not one bit distressed or in any way displeased,Medical Attache update #3,People come to the medical attaché’s house to look for him...,Samizdat,"Recur, Cycles, Waste, Non-Action"
31.0,44.0,11.0,1.0,87-92,37-41,2009.0,4.0,30 April Y.D.A.U.,Shadow-play,Marathe and Steeply: “You have ridiculous tits...”,"Tuscon, AZ. Marathe and special agent Hugh/Helen Steeply meet on a hillside to discuss the appearance, earlier that month, of a special form of Entertainment.","A.F.R., O.U.S., Samizdat","Recur, Cycles, Secrets, Boundaries, Phys/Ob"
32.0,21.0,11.0,2.0,93.0,,2008.0,,unspecified,Protective walls,“It’s a herd of feral hamsters.”,Description of a herd of feral hamsters in the Great Concavity. (The hamsters were freed “at the beginning of the experialist migration in the subsidized Year of the Whopper”).,O.N.A.N.,"Recur, Waste, Boundaries"
33.0,45.0,11.0,3.0,93-95,42.0,2009.0,4.0,April Y.D.A.U.,This little interface of you and me,"Marathe and Steeply in the desert, pt. 2",Marathe and Steeply continued.,"A.F.R., O.U.S.","Recur, Fear/Obsess, Secrets"
34.0,70.0,11.0,4.0,95-97,,2009.0,11.0,"3 November Y.D.A.U., 1640h.",The connectedness of all events,Pop quiz in the shower room,"Locker room banter at ETA. Troeltsch, Pemulis, Wayne, Stice, Struck, Freer, and Hal are present.","E.T.A., Hal, Tech","Recur, Waste"
35.0,46.0,11.0,5.0,97.0,,2009.0,4.0,30 April Y.D.A.U.,"Night, emerging","Marathe and Steeply, silent at dusk",Marathe and Steeply continued.,"A.F.R., O.U.S.",Boundaries
36.0,71.0,11.0,6.0,97-105,43.0,2009.0,11.0,3 November Y.D.A.U.,A grief felt in the bones,Exhausted in the ETA shower room,More banter in the locker room. Complaints about Schtitt’s expectations of them.,E.T.A.,"Recur, Cycles, Waste"
37.0,47.0,11.0,7.0,105-109,44-45,2009.0,4.0,30 April Y.D.A.U.,"Attached, fanatically; A citizen of nothing",Marathe and Steeply debate Helen of Troy,Marathe and Steeply continued. Talk of love...,"A.F.R., O.U.S., Samizdat","Recur, Boundaries, Choice"
38.0,72.0,11.0,8.0,109-121,46.0,2009.0,11.0,3 November Y.D.A.U.,Deeply alone,ETA Big Buddy Meetings,"Hal with his “little buddies” Kent Blott, Idris Arslanian, Ingersol. He convinces them that their resentment of Schtitt is engineered by Schtitt and his staff. Switches to John Wayne, Pemulis, Schacht, Troeltsch, Struck, and Stice, each with his group of younger students. (Pemulis has switched from drug talk to bilking his buddies in a game of three-card monty).","E.T.A., Hal","Recur, Cycles, Isolation, Boundaries, Choice"
39.0,64.0,11.0,9.0,121-126,,2009.0,10.0,mid-October Y.D.A.U.,Secret minutes alone,USS Millicent Kent seduces Mario!,Mario Incandenza’s First and Only Even Remotely Romantic Experience Thus Far with the “USS” Millicent Kent.,"E.T.A., Hal, Mario","Recur, Phys/Ob"
40.0,48.0,11.0,10.0,126-127,47-48,2009.0,4.0,30 April Y.D.A.U.,Some sort of game,Marathe and Steeply: Anti Entertainment,Marathe and Steeply continued.,"A.F.R., O.U.S., Samizdat","Recur, Secrets, Memory"
41.0,49.0,11.0,11.0,127.0,,2009.0,4.0,30 April Y.D.A.U.,Your walled nation,“Your murated nation.”,Marathe and Steeply continued. (One line.),"A.F.R., O.U.S.","Memory, Boundaries"
42.0,34.0,12.0,1.0,127-128,,2009.0,,early Y.D.A.U.,Off the sweat of others,"Lyle, the sweat licking guru",Nameless ETA kid talks about Lyle.,E.T.A.,Recur
43.0,19.0,12.0,2.0,128-135,,2008.0,12.0,24 December Y.D.P.A.H.,Wet work,Wo dranos C; Poor Tony wants the stole,"“yrstruly” narrates a story involving C, Poor Tony, and Dr. Wo in Chinatown. C overdoses. (This could be Clenette).",AA&R,"Recur, Waste, Phys/Ob"
44.0,75.0,13.0,1.0,135-137,,2009.0,11.0,3 November Y.D.A.U.,About separation,Orin calls Hal: he’s very hot.,Hal receives a phone call from Orin who asks him about Canadian Separatism.,"Hal, Orin","Recur, Isolation"
45.0,22.0,13.0,2.0,137-138,49-51,2008.0,,unspecified,Tradition of anonymity,Ennet House & its anonymous founder,"Introduction to the Ennet House rehab facility, founded in YW.","Ennet, Avril","Isolation, Choice"
46.0,17.0,13.0,3.0,138-140,,2008.0,6.0,26 June Y.D.P.A.H.,Trying to do the job alone,Absurd Workmen’s Comp claim,Excerpt from a letter to State Farm detailing a bricklayer’s bizarre accident.,AA&R,"Recur, Isolation"
47.0,12.0,13.0,4.0,140-142,,2005.0,2.0,21 February Y.P.W.,Riding lonely herd in paradise,"Hal’s term paper, reprinted","Hal’s seventh-grade essay comparing Hawaii-Five-O’s Steve McGarrett with Hill Street Blues’ Frank Furillo. (Hal's image of “the hero of non-action, the catatonic hero, the one beyond calm, divorced from all stimulus …” could describe both himself and Gately).","E.T.A., Hal, Art/Ent","Recur, Isolation, Non-Action"
48.0,61.0,13.0,5.0,142-144,,2009.0,8.0,10 August Y.D.A.U.,Kept from the light of public knowledge,Steeply’s “Artifical Heart Purse Snatch” piece,Helen Steeply’s Moment article about a woman who carried her artificial heart in her purse and was mugged. Poor Tony Krause was the purse snatcher.,"AA&R, O.U.S., Jim, Orin, Tech","Recur, Secrets, Phys/Ob, Time"
49.0,23.0,13.0,6.0,144.0,,2008.0,,unspecified,Opposition to interdependence,,Alphabetic list of anti-ONAN/separatist groups.,"A.F.R., O.N.A.N.",Isolation
50.0,27.0,13.0,7.0,144-151,,2009.0,,By Y.D.A.U.,Reluctant to leave home,The Rise and Fall of Videophony,Why video phones didn’t work.,Tech,"Cycles, Inf/Reg, Secrets, Isolation"
51.0,65.0,14.0,,151-156,52-55,2009.0,10.0,15 October Y.D.A.U.,Closely monitored,Buying Urinalysis/Hal & Pemulis bio,Urine tests at ETA. Pemulis sells clean samples,"E.T.A., AA&R, Hal, Mario","Recur, Cycles, Waste"
52.0,1.0,15.0,1.0,157-169,,1960.0,11.0,Winter 1960,Desperately forward toward the net,James Sr. lectures James; Ruined Knees,"Hal’s grandfather, James Incandenza’s father, narrates, addressing 10-year-old Jim. Discusses Marlon Brando, tennis, and his own father’s reaction when he blew out his knee at a match.","AA&R, Jim","Recur, Cycles, Inf/Reg, His/Father, Boundaries, Phys/Ob, Loss"
53.0,79.0,15.0,2.0,169-171,56-57,2009.0,11.0,"4 November Y.D.A.U., around lunchtime","Kinetic even in stasis, plowing temporally ahead",,Pemulis scores some DMZ from the Antitoi brothers.,"E.T.A., AA&R, Hal","Recur, Waste, Time"
54.0,14.0,15.0,3.0,172-176,,2007.0,4.0,April YUSHITYU,Fall forward into the court,“How To Be A Feral Tennis Prodigy”,"Hal’s narration of ‘Tennis and the Feral Prodigy’, a film by Mario Incandenza.","E.T.A., Hal, Jim","Recur, His/Father"
55.0,80.0,15.0,4.0,176-181,58-59,2009.0,11.0,"4 November Y.D.A.U, 1300h.-1500h.","How come I can’t stop, if I want to stop",,Selected transcripts from Pat Montesian’s logbook at Ennet House. Voices of recovering drug and alcohol abusers.,Ennet,"Recur, Cycles, Waste, Phys/Ob"
56.0,66.0,16.0,1.0,181-193,60-66,2009.0,10.0,"22–23 October Y.D.A.U., approx. 0000h–0101h.","Over time some kind of pattern emerges, a trend or rhythm",Madame Psychosis,"At WYYY, ‘60± with Madame Psychosis’, is about to air. The late shift engineer goes to the roof to drink a Millennial Fizzy and listen to the show. Mario listens to the show at HmH with Hal, who is now 17.","Hal, Joelle, Mario, Avril","Recur, Fear/Obsess, Cycles, Secrets, Isolation, His/Father, Boundaries, Loss"
57.0,77.0,16.0,2.0,193-198,67.0,2009.0,11.0,early November Y.D.A.U.,Seven moons orbiting a dead planet,Ennet Complex (EMPHH) layout,Description of Units 1–7 of the Enfield Marine Public Health Hospital complex where Ennet House is located.,"Ennet, Gately","Recur, Fear/Obsess, Inf/Reg, Isolation, Non-Action, Phys/Ob"
58.0,85.0,16.0,3.0,198-200,68.0,2009.0,11.0,"6 November Y.D.A.U., 1610h.",Various resistance-systems,"Weight Room, ETA",Freer and Kornspan work out while Rader consults with Lyle. Pemulis eavesdrops.,E.T.A.,"Recur, Non-Action, Phys/Ob"
59.0,81.0,16.0,4.0,200-211,69-72,2009.0,11.0,beginning 4 November Y.D.A.U.,"Many exotic new facts, intoxicated impulses",Tiny’s tattoo jones,"More detailed introduction to Ennet House and its residents. “New resident” Tiny Ewell has an obsession with tattoos. Kate Gompert now a resident, too.","AA&R, Ennet","Recur, Fear/Obsess, Inf/Reg, Secrets, Loss"
60.0,82.0,16.0,5.0,211-219,73-77,2009.0,11.0,4-5 November Y.D.A.U,The window of opportunity,The Incredibly Potent DMZ,Michael Pemulis explains that he has scored some DMZ from the Antitois. He stores it in his sneaker in the ceiling of subdorm B.,"E.T.A., AA&R, Hal","Recur, Fear/Obsess, Inf/Reg"
61.0,89.0,17.0,1.0,219-223,,2009.0,11.0,7 November Y.D.A.U.,She lost the ability to lie to herself,Joelle ponders demapping herself…,Joelle goes to Molly Notkin’s thesis party.,"AA&R, Joelle, Jim","Recur, Secrets, Inf/Reg, Isolation, Boundaries, Time, Loss"
62.0,35.0,17.0,2.0,223.0,78.0,2009.0,,early Y.D.A.U.,Subsidized time primer,,A chronology of ONAN’s revenue-enhancing Subsidized Time.,O.N.A.N.,"Secrets, Inf/Reg, Waste, Isolation, Time"
63.0,90.0,17.0,3.0,223-226,79.0,2009.0,11.0,November Y.D.A.U.,Unconstrained concealment,...Joelle continues her contemplation...,"Joelle thinks about Orin and his father, the “world’s best hailer of Boston cabs.”","AA&R, Samizdat, Joelle, Jim","Recur, Fear/Obsess, Memory"
64.0,36.0,17.0,4.0,227.0,,2009.0,,early Y.D.A.U.,H.P. Steeply: Curriculum Vitae,,Helen Steeply’s (Putative) Curriculum Vitae.,O.U.S.,Secrets
65.0,91.0,17.0,5.0,227-240,80-81,2009.0,11.0,7 November Y.D.A.U.,The encaged rapacious thing inside,...Joelle finishes the job.,Joelle attempts to overdose in the bathroom at a party of cinema graduate students,"AA&R, Samizdat, Joelle, Jim","Recur, Cycles, Secrets, Inf/Reg, Waste, Isolation, Memory"
66.0,16.0,18.0,1.0,240-242,,2008.0,,Y.D.P.A.H.,Waiting underground for anyone who digs,"Enfield, MA, and environs","Geographical description of Enfield, MA.","E.T.A., O.N.A.N.","Recur, Phys/Ob"
67.0,83.0,18.0,2.0,242-258,82-84,2009.0,11.0,5 November Y.D.A.U.,Stained-family-linen-type questions,Hal relates James’s suicide to Orin,"Hal and Orin on the telephone. Orin wants to discuss Himself’s suicide. Meanwhile, Hal is clipping his toenails and making miraculous shots into the wastepaper basket.","Hal, Jim, Orin","Recur, Fear/Obsess, Secrets, Memory"
68.0,86.0,19.0,1.0,258-270,85-89,2009.0,11.0,6 November Y.D.A.U.,Competitive tennis is largely mental,Port Washington tournament,"Tennis meet at Port Washington Tennis Academy, Long Island, N.Y. Descriptions of Hal and John ‘No Relation’ Wayne playing their respective matches. Pemulis vomits.","E.T.A., AA&R","Recur, Fear/Obsess"
69.0,84.0,19.0,2.0,270-281,90-91,2009.0,11.0,6 November Y.D.A.U.,The disease makes its command headquarters in the head,,"Gately, substance-free for 421 days, is now staff at Ennet House. Geoffrey Day, Charlotte Treat, and Randy Lenz are introduced. Pat Montesian has entry interviews at 0900h with two women and one man (presumably Gompert, Clenette, & Tiny).","Ennet, Gately","Recur, Fear/Obsess, Isolation, Time, Loss"
70.0,87.0,19.0,3.0,281-283,92.0,2009.0,11.0,"6 November Y.D.A.U. to 7 November Y.D.A.U., 0030h.",The whole mammoth travelling squad,Bus ride back from Port Washington,ETA returns from Long Island triumphant.,"E.T.A., AA&R",Recur
71.0,37.0,20.0,1.0,283-299,93-101,2009.0,,early Y.D.A.U.,"The roar gathering, tidal, amniotic","Orin: Punting, Joelle: Filming","The story of Orin and Joelle van Dyne, the Prettiest Girl of All Time. His switch from tennis to football in college.","E.T.A., Joelle, Orin","Recur, Fear/Obsess, Inf/Reg, Isolation, His/Father"
72.0,152.0,20.0,2.0,299-306,102-103,2009.0,11.0,14 November Y.D.A.U.,A rushing train roar that was no train on Earth,Poor Tony withdraws and crashes spectacularly,Poor Tony goes through withdrawal in a bathroom stall of the Boston public library in Copley. Leaves for the Antitois’.,AA&R,"Recur, Secrets, Waste, His/Father, Time"
73.0,88.0,21.0,1.0,306-312,104-112,2009.0,11.0,7 November Y.D.A.U.,Separation and return’s real meaning,Prorected Syllabus; Troeltsch’s play-by-play; Mirrors across I-87,Description of ETA’s academic classes. Schacht taking an exam on psychopathological double-binds. Troeltsch broadcasts the results of the Port Washington meet on ETA’s intercom. Hal is in Theirry Poutrincourt’s class on Canadian political history. Some details of anti-ONAN activity (e.g. large mirrors across highways).,"E.T.A., Hal, A.F.R., Mario, Orin, Avril, O.N.A.N.","Recur, Cycles, Secrets, Waste, His/Father, Choice"
74.0,38.0,21.0,2.0,312-317,113-119,2009.0,,early Y.D.A.U.,Buttressed on sets Himself had him help erect,“Every Inch Of Mario Incandenza”,"Mario’s surprise birth, and a description of some of his deformities.","E.T.A., Hal, Mario, Jim, Orin, Avril","Recur, Secrets, His/Father, Phys/Ob, Time, Choice"
75.0,50.0,21.0,3.0,317-321,,2009.0,5.0,30 April / 1 May Y.D.A.U.,"Not someout outside you, this enemy",Marathe and Steeply: Children and Freedom,Marathe and Steeply continued.,"A.F.R., O.U.S., Samizdat","Recur, Cycles, Inf/Reg, Isolation, His/Father, Non-Action, Choice"
76.0,92.0,22.0,1.0,321-342,120-130,2009.0,11.0,"8 November Y.D.A.U., 1400h.–1600h.",Degenerating into chaos,ESCHATON!,Interdependence Day. Gaudeamus Igitur.,"E.T.A., Hal","Recur, Inf/Reg, Waste, Non-Action, Boundaries"
77.0,104.0,22.0,2.0,343-367,131-141,2009.0,11.0,"8 November Y.D.A.U., 2000h.-2045h.",This cliffish nexus of exactly two total choices,Real dependence/Boston AAs (longest chapter),"Boston AA meeting. Description of several speakers, and the “crocodiles.” Gately is curious about “brand-new girl” Joelle.","AA&R, Ennet, Gately, Joelle","Recur, Inf/Reg, Secrets, Boundaries, Choice, Dreams"
78.0,24.0,22.0,3.0,367.0,,2008.0,,unspecified,Changed each 1 Jan.,,The product placement on the Statue of Liberty is changed annually.,O.N.A.N.,Cycles
79.0,105.0,22.0,4.0,367-375,142-143,2009.0,11.0,"8 November Y.D.A.U., 2045h.-2130h.",One particular seminally scarring night,,Boston AA meeting. A young girl describes her foster father sexually abusing her paraplegic stepsister...,AA&R,"Recur, Inf/Reg"
80.0,51.0,22.0,5.0,375.0,,2009.0,5.0,30 April / 1 May Y.D.A.U.,Back in the field of duty,Marathe unsure of Steeply,Marathe and Steeply continued.,"A.F.R., O.U.S.","Recur, Secrets"
81.0,8.0,22.0,6.0,375-376,144-145,2002.0,2.0,early Y.W.,Found drama,Himself visits Lyle,James Incandenza’s ‘Found Drama’ came out of a late-night session with Lyle in the “first brutal winter night early in the ONANite temporo-subsidized era.”,"Jim, Orin, Art/Ent",Recur
82.0,106.0,22.0,7.0,376-379,,2009.0,11.0,"8 November Y.D.A.U., 2045h.-2130h.",The arrow of responsibility,Why Deny the Marcescent Child?,Boston AA meeting. Story of baby’s death.,AA&R,"Recur, Inf/Reg"
83.0,7.0,22.0,8.0,379.0,146.0,1999.0,,c. 1999-2001,The Odd Couple of libations,,James Incandenza and Lyle in the weight room.,"E.T.A., Jim, Mario",Recur
84.0,95.0,23.0,1.0,380-386,147-151,2009.0,11.0,"8 November Y.D.A.U., 1930h.-2018h.","Sucrotically mad, the gala but rather ironic annual celebration",ETA Gala: “ONANTiad of Mario”,Mario Incandenza’s film interpretation of the formation of ONAN.,"E.T.A., Mario, Art/Ent, O.N.A.N.","Recur, Fear/Obsess, Secrets, Waste"
85.0,96.0,23.0,2.0,386-390,152-153,2009.0,11.0,"8 November Y.D.A.U., 1930h.-2018h.","Stunted desire, snared by something untrue",ETA Gala/Lyle,"Lyle in the weight room with sweaty ETA students, including Anton ‘Booger’ Doucette. Return to Mario’s film, which is now covering major political events with a montage of newspaper headlines. History of ONAN.",E.T.A.,"Recur, Fear/Obsess"
86.0,97.0,23.0,3.0,391-394,,2009.0,11.0,"8 November Y.D.A.U., 1930h.-2018h.","Historical headers, a whole bright spanking new millennium",,Reconfiguration headlines,O.N.A.N.,"Recur, Fear/Obsess, Cycles, Waste"
87.0,98.0,23.0,4.0,394-395,,2009.0,11.0,"8 November Y.D.A.U., 1930h.-2018h.",Do not underestimate objects,Lyle’s levitating chair story,"Lyle tells Ortho ‘The Darkness’ Stice, “Do not underestimate objects.” Stice’s bed has been moving at night.",E.T.A.,"Recur, Phys/Ob"
88.0,99.0,23.0,5.0,395-398,154-155,2009.0,11.0,"8 November Y.D.A.U., 1930h.-2018h.","Severe compulsion issues, audience-obsessed pieces",James O.’s Films,"Hal watching Mario’s film. Descriptions of Himself’s ‘The Medusa vs. the Odalisque’, ‘Eyeball’, and ‘The Joke’.","Hal, Jim, Mario, Art/Ent","Recur, Non-Action"
89.0,100.0,23.0,6.0,398-410,156-160,2009.0,11.0,"8 November Y.D.A.U., 1930h.-2018h.",Willing to eliminate own map out of sheer pique,More ONANtiad/Clipperton,"Continuation of Mario’s film, with more headlines and a puppet show of Gentle and Rodney Tine, Chief, US Office of Unspecified Services. The story of Eric Clipperton and his Glock 17 semiautomatic.","E.T.A., Jim, Mario, O.N.A.N.","Recur, Fear/Obsess, Secrets, Waste, Boundaries"
90.0,101.0,23.0,7.0,410-418,161-168,2009.0,11.0,"8 November Y.D.A.U., 1930h.-2018h.",The vulnerable psyche of an increasingly hygiene-conscious U.S.A.,"Hal’s Paper: Broadcast Networks & Advertising fold, InterLace Emerges","Hal watching Mario’s film. History of Interlace, proliferation of advertising, and garbage in space.","Hal, Art/Ent, O.N.A.N.","Recur, Fear/Obsess, Inf/Reg, Waste, Non-Action, Choice"
91.0,52.0,23.0,8.0,418-430,169-174,2009.0,5.0,30 April / 1 May Y.D.A.U.,Knowledgeable choices about pleasure and delay,Freedom to choose?,Marathe and Steeply continued.,"A.F.R., O.U.S.","Recur, Secrets, Inf/Reg, Phys/Ob, Choice"
92.0,102.0,23.0,9.0,430-434,175.0,2009.0,11.0,"8 November Y.D.A.U., 1930h.-2018h.",The Clipperton suite,,Eric Clipperton’s suicide in an ETA dorm.,"E.T.A., Mario","Recur, Fear/Obsess"
93.0,107.0,23.0,10.0,434-436,,2009.0,11.0,"9 November Y.D.A.U., 0430h.-0801h.",Human waste in the showers,Gately & Stavros janitize Shattuck,Gately’s other job: cleaning bathrooms.,Gately,"Recur, Inf/Reg, Waste"
94.0,103.0,23.0,11.0,436-442,176-177,2009.0,11.0,"8 November Y.D.A.U., 1930h.-2018h.",A desolate late-day hysteria,Cyanide Quik/Subsidized time cabinet mtg.,"Mario’s film continued. Headlines and puppets, origin of subsidized time.","E.T.A., O.N.A.N.",Recur
95.0,60.0,24.0,1.0,442-449,178-179,2009.0,6.0,July Y.D.A.U.,Burpling greasily up into memory,"AA: Gately on God, Mom, and memories",Gately’s relationship with ‘the crocodiles’. He remembers the death of his mother.,"AA&R, Gately","Recur, Fear/Obsess, Memory, Choice, Dreams"
96.0,67.0,24.0,2.0,449-450,180.0,2009.0,10.0,Very Late October Y.D.A.U.,Like somebody’s mind coming apart,,Hal’s dental nightmare. Mario misses Joelle,"Hal, Mario","Recur, Fear/Obsess, Dreams"
97.0,108.0,24.0,3.0,450-461,181-187,2009.0,11.0,"9 November Y.D.A.U., 0600h.–0730h.",The game’s two heads’ one world,,Morning drills at ETA and Schtitt’s lecture.,"E.T.A., Hal","Recur, Fear/Obsess, Boundaries"
98.0,93.0,24.0,4.0,461-469,188-197,2009.0,11.0,8 November Y.D.A.U.,Like your mind wasn’t in possession of your body,"Gately shops, cooks, drives Pat’s Aventura","Don Gately’s responsibilities at Ennet House. His boss, Pat Montesian.","Ennet, Gately","Recur, Inf/Reg, Phys/Ob"
99.0,53.0,24.0,5.0,470-475,198.0,2009.0,5.0,1 May Y.D.A.U.,"The Department of Euphoria, so to speak, within the human brain",P-terminals,Marathe and Steeply continued. Discussion of BS government experiments on human subjects...,"A.F.R., O.U.S., Samizdat","Recur, Inf/Reg"
100.0,94.0,24.0,6.0,475-489,199-207,2009.0,11.0,"8 November Y.D.A.U., 1800h.",Lucien’s leonine head is tilted back,"Gately cruises; AFR skewer & spike Lucien & Bertraund, respectively, though not in that order",Gately out in Pat M.’s car picking up special food for Joelle. The Anitois’ store. Arrival of and interrogation by Fortier and the AFR. (Midpoint of novel).,"A.F.R., Gately, Joelle","Recur, Cycles, Fear/Obsess, Inf/Reg, Waste"
101.0,54.0,25.0,1.0,489-491,,2009.0,5.0,1 May Y.D.A.U.,"A ring of smaller and palsied fires, hologrammatical activity",Haven’t you been tempted?,Marathe and Steeply continued.,"A.F.R., O.U.S., Samizdat","Recur, Cycles, His/Father"
102.0,2.0,25.0,2.0,491-503,208.0,1963.0,11.0,Winter 1963,Somersaults with one hand nailed to the floor,Chapter 16 of “The Awakening Of My Interest In Annular Systems”,Jim Incandenza helps his father fix a mattress...,"AA&R, Jim, Tech","Recur, Waste, His/Father, Memory"
103.0,109.0,25.0,3.0,503-507,,2009.0,11.0,9 November Y.D.A.U.,"NA’s traditional huge circle, indiscriminate hugging",,The Roy Tony & Ken Erdedy hugging set-to.,"AA&R, Ennet","Recur, Cycles, Isolation, Non-Action"
104.0,55.0,25.0,4.0,507-508,,2009.0,5.0,1 May Y.D.A.U.,"The stars’ light had paled, empty of intent",We’ve lost some people...,Marathe and Steeply continued.,"A.F.R., O.U.S., Samizdat","Recur, Inf/Reg"
105.0,111.0,25.0,5.0,508-527,209-221,2009.0,11.0,10 November Y.D.A.U.,"Seeming to recede, pulsing with swollen proximity",Eschaton reprisals/In CT’s Waiting Room,"Hal anticipates an official scolding from Charles Tavis for the Eschaton game. He waits in ‘Lateral’ Alice Moore’s office, overhears Avril counseling the pre-teen female ETAs.","E.T.A., AA&R, Hal, Avril","Recur, Fear/Obsess, Cycles, His/Father, Memory"
106.0,56.0,25.0,6.0,528-530,222-223,2009.0,5.0,1 May Y.D.A.U.,"False dawns, a stillness, just below the ring of night","Dawn, L’Odalisque de Ste. Thérèse",Marathe and Steeply continued.,"A.F.R., O.U.S., Samizdat","Recur, Cycles, Secrets, Non-Action, Loss"
107.0,118.0,25.0,7.0,531-538,,2009.0,11.0,"11 November Y.D.A.U., 0450h.","Around in circles, annular and insidious, deformed with beauty",Gately & Joelle: So What’s Behind The Veil?,Discussion between Gately and Joelle. The latter explains her membership in UHID.,"AA&R, Ennet, Joelle, Gately","Recur, Cycles, Secrets, Loss"
108.0,119.0,26.0,1.0,538-547,224-227,2009.0,11.0,11 November Y.D.A.U.,A panoply of strange compulsive habits,Lenz “Resolves” Rats & Cats,Randy Lenz discovers his penchant for killing animals on his walks home after meetings.,"AA&R, Ennet","Recur, Cycles, Fear/Obsess, Secrets, Inf/Reg, Isolation"
109.0,25.0,26.0,2.0,548.0,,2008.0,,unspecified,None of the doors inside Ennet House have locks,For predictable reasons,No door at Ennet House…,Ennet,Boundaries
110.0,78.0,26.0,3.0,548-549,228-229,2009.0,11.0,November Y.D.A.U.,No other activity or connection could hold their attention,Tine’s Ruler / Dissemination Point,Rodney Tine measures his member.,"O.U.S., Samizdat","Recur, Fear/Obsess, Cycles, Secrets, Inf/Reg"
111.0,110.0,26.0,4.0,550-553,,2009.0,11.0,"9 November Y.D.A.U., 2100h.",Absence of control,The Moms & John Wayne dot dot dot,Pemulis interrupts John Wayne and Avril Incandenza in a game of sexual football/cheerleader (possibly role playing as Orin and Joelle).,"E.T.A., Avril","Cycles, Inf/Reg, Secrets, Time"
112.0,120.0,26.0,5.0,553-559,230-233,2009.0,11.0,"11 November Y.D.A.U., around 2200h.",Give up all of your power,Lenz & Bruce Green walk. Lenz Talks.,Randy Lenz and Bruce Green walking back from meetings at night not long before curfew (at 2330h).,"AA&R, Ennet","Recur, Cycles, Secrets, Inf/Reg"
113.0,127.0,26.0,6.0,560.0,,2009.0,11.0,"11 November Y.D.A.U., lunchtime",Over 200 breaths,Wayne Pokes His Head In,Hal in bed after lunch. John Wayne stops by.,"E.T.A., Hal","Cycles, Non-Action"
114.0,121.0,26.0,7.0,560-562,,2009.0,11.0,"11 November Y.D.A.U., after 2200h.",Propitiating the infant,,Randy Lenz and Bruce Green walking continued.,"AA&R, Ennet, O.N.A.N.","Recur, Fear/Obsess, Inf/Reg, Waste, Loss"
115.0,123.0,26.0,8.0,563-565,,2009.0,11.0,"11 November Y.D.A.U., before 2330h.",Individual-resident-informal-interface moments,,Selected snippets of Gately’s interactions with Ennet House residents.,"Ennet, Gately, Joelle",Cycles
116.0,115.0,26.0,9.0,565-567,234-235,2009.0,11.0,10 November Y.D.A.U.,The One,Orin Xs the Swiss Handmodel,Orin and Luria P—— in a hotel room.,"Hal, A.F.R., O.U.S., Jim, Mario, Orin, Avril","Recur, Fear/Obsess, Cycles, Secrets, Inf/Reg, His/Father, Memory"
117.0,128.0,26.0,10.0,567-574,236-238,2009.0,11.0,11 November Y.D.A.U.,An incredible slowing down of time,Pemulis Lectures Arslanian in the tunnel,Idris Arslanian (in a blindfold) runs into first Ted Schacht then Mike Pemulis.,"E.T.A., O.N.A.N., Tech","Recur, Cycles, Fear/Obsess, Waste, Boundaries, Time, Phys/Ob"
118.0,117.0,26.0,11.0,574-575,,2009.0,11.0,10 November Y.D.A.U.,Cycle of seduction,"Handmodel leaves, wheelchairs return.",Orin thinks about the man in a wheelchair at the hotel door as he’s driving away from his hook-up with Luria.,"A.F.R., Orin",Cycles
119.0,124.0,26.0,12.0,575-589,239-241,2009.0,11.0,"11 November Y.D.A.U., before 2330h.",Getting chewed by something huge and tireless and patient,,"Bruce Green remembers the death of his mother. Randy Lenz separates, kills a dog tied up in yard of a house having a Hawaiian party.","AA&R, Ennet, A.F.R.","Recur, Fear/Obsess, Secrets, Inf/Reg, Waste, His/Father, Memory, Time, Dreams, Loss"
120.0,143.0,26.0,13.0,589-593,242-244,2009.0,11.0,"11 November Y.D.A.U., before 2330h.",Real stuff,,"Mario, who can’t sleep, walks around past Ennet House during/after Gately’s showdown with the Canadians.","Ennet, Joelle, Mario","Recur, Phys/Ob, Dreams"
121.0,125.0,26.0,14.0,593-596,245.0,2009.0,11.0,"11 November Y.D.A.U., before 2330h.",The picayune and the unpleasant,,More of Gately’s responsibilities at Ennet House.,"Ennet, Gately","Cycles, Waste, Boundaries"
122.0,116.0,26.0,15.0,596-601,,2009.0,11.0,10 November Y.D.A.U.,Emotions of mastery and control and superiority and pleasure,"Orin, with Swiss ‘subject’, is questioned by disabled surveyor","At the hotel door, Orin answers the man in the wheelchair’s ‘survey’. (The man in the wheelchair is AFR leader M. Fortier himself).","A.F.R., Orin","Recur, Cycles, Inf/Reg, Secrets, Memory, Choice, Dreams, Loss"
123.0,126.0,26.0,16.0,601-619,246-256,2009.0,11.0,11-12 November Y.D.A.U.,One part of something bigger he can’t control,Gately is shot,Gately’s showdown with the Canadians. Gately seriously wounded. (Near midnight given the cars all switching to avoid parking tickets.),"Ennet, Gately, Joelle","Recur, Cycles, Non-Action, Boundaries, Time"
124.0,150.0,27.0,1.0,620-626,257-258,2009.0,11.0,12 November Y.D.A.U.,"Look out below, shriek-roused figures",Abduction at the Duck Pond draining,Student engineer for WYYY is kidnapped by the AFR.,"A.F.R., O.U.S., Art/Ent, O.N.A.N., Tech","Recur, Cycles, Isolation, Non-Action"
125.0,132.0,27.0,2.0,627-638,259-262,2009.0,11.0,"November Y.D.A.U., 1810h.",Sudden anomalies,Stice almost beats Hal; Rapacious eating at ETA,Suppertime at ETA. Conspiracy theory that the milk is powdered.,E.T.A.,"Recur, Cycles, Secrets, Waste, His/Father"
126.0,57.0,27.0,3.0,638-648,263-264,2009.0,5.0,1 May Y.D.A.U.,Pulled apart in different directions,Steeply’s Dad ODs on M*A*S*H,Marathe and Steeply continued.,"A.F.R., O.U.S., Samizdat","Recur, Fear/Obsess, Cycles, Secrets, Inf/Reg, His/Father, Memory"
127.0,147.0,27.0,4.0,648-651,,2009.0,11.0,"13 November Y.D.A.U., 0245h.",Total psychic horror,“billowing black sail of hell”,"Kate Gompert, Geoffrey Day, and Bruce Green in a late-night rap session. Day describes the “large, dark, billowing, black shape” he’s felt twice in his life.",Ennet,"Fear/Obsess, Inf/Reg, Dreams"
128.0,129.0,27.0,5.0,651-662,265-268,2009.0,11.0,11 November Y.D.A.U.,A place inside that can’t be chewed,Hal v. Stice on court; Steeply v. deLint in bleachers,"The match between Stice and Hal. Narrative shifts to Gately sleeping, Poor Tony in the library stall, Pemulis and Struck in the medical library, Steeply talking with Schtitt, CT, and Orin with Luria in “a different tall hotel (from before).” Steeply chats with Aubrey deLint as they watch the first set of the match.","E.T.A., Hal, O.U.S., Art/Ent","Recur, Fear/Obsess, Isolation, Time"
129.0,177.0,27.0,6.0,663-665,269.0,2009.0,11.0,10-19 November Y.D.A.U.,"Closing in, arms open wide, smiling",Marlon Bain on Orin Incandenza,"Epistolary exchange between Steeply and Marlon Bain, Orin’s childhood friend.","E.T.A., O.U.S., Orin, Avril","Secrets, Inf/Reg, His/Father, Non-Action"
130.0,130.0,27.0,7.0,666-673,270-272,2009.0,11.0,"11 November Y.D.A.U., 1625h.",Underground for no good or clear reason,Tunnel Club finds something maggot-infested,"Sub-14 male Eschatonites in ETA’s tunnels on clean-up detail. There are rumors of feral hamsters, but instead they find a refrigerator full of rotting food.",E.T.A.,"Recur, Fear/Obsess, Cycles, Waste"
131.0,131.0,27.0,8.0,673-682,273-277,2009.0,11.0,11 November Y.D.A.U.,Forgetful Will,"Steeply, deLint & Poutrincourt watch Hal v. Stice","Steeply speaks, in French, to female prorector/AFR spy Thierry Poutrincourt.","E.T.A., Hal","Recur, Cycles, Secrets, Boundaries, Choice"
132.0,156.0,27.0,9.0,682-686,278.0,2009.0,11.0,"14 November Y.D.A.U., after 2215h.",Unable not to be afraid,,"Matty Pemulis, male prostitute, eats in a diner. Memories of sexual abuse from his father. Sees Poor Tony trailing Kate Gompert and Ruth Van Cleve in Inman Square.",AA&R,"Fear/Obsess, His/Father, Memory, Non-Action"
133.0,133.0,27.0,10.0,686-689,279.0,2009.0,11.0,11 November Y.D.A.U.,A clear internal-conflict moment,”Abandoning All Hope” / Hal views entertainments,"After supper, Hal decides to watch some of Himself’s films. Description of ‘Wave Bye-Bye to the Bureaucrat’.","Hal, Art/Ent","Recur, His/Father, Memory, Choice"
134.0,155.0,27.0,11.0,689-691,,2009.0,11.0,"14 November Y.D.A.U., after 2215h.",A deceptive feeling of well-being,Poor Tony Krause heads for the Antitois’,"Poor Tony contemplates a purse snatching before he heads to the Antitois’. Thinks about Matty Pemulis who, unbeknownst to Tony, is watching him through the diner window.",AA&R,"Recur, Waste, Memory"
135.0,148.0,27.0,12.0,692.0,,2009.0,11.0,13 November Y.D.A.U.,The frightful hog,,Geoffrey Day misses Lenz “brandishing the Hog” in the 3-man room.,Ennet,"Recur, Loss"
136.0,149.0,27.0,13.0,692-698,280-283,2009.0,11.0,13 November Y.D.A.U.,The great transcendent horror,Hal is lonely; Kate G and her Lionel Train friend,On Kate Gompert’s depression and depression in general. Himself’s ‘The American Century as Seen Through a Brick’ described.,"E.T.A., Hal, Ennet, Art/Ent","Recur, Fear/Obsess, Isolation"
137.0,154.0,27.0,14.0,698-700,284-286,2009.0,11.0,"14 November Y.D.A.U., after 2215h.",Psychotically depressed,,"Kate Gompert and Ruth van Cleve on the street, followed by Poor Tony.","AA&R, Ennet","Recur, Boundaries"
138.0,134.0,27.0,15.0,700.0,,2009.0,11.0,11 November Y.D.A.U.,Preparing to call the action,Troeltsch sets up for play by play,Troeltsch puts in a pro-wrestling cartridge.,E.T.A.,"Fear/Obsess, Time"
139.0,135.0,27.0,16.0,700.0,,2009.0,11.0,11 November Y.D.A.U.,Careful not to let it fall,,Pemulis adjusts a ceiling tile in Subdorm B.,"E.T.A., AA&R","Fear/Obsess, Secrets, Time"
140.0,136.0,27.0,17.0,700.0,,2009.0,11.0,11 November Y.D.A.U.,Eyes rolled up,,Lyle hovers with his eyes rolled up white in the unlit weight room.,E.T.A.,"Boundaries, Time"
141.0,137.0,27.0,18.0,701.0,,2009.0,11.0,11 November Y.D.A.U.,"Downhill flight, preparing to whoop",,Coach Schtitt takes Mario on a ride in his BMW to get ice cream.,"E.T.A., Mario","Recur, Time"
142.0,138.0,27.0,19.0,701.0,,2009.0,11.0,11 November Y.D.A.U.,All going at once,Avril phones Steeply,Avril attempting to call Steeply/Moment Magazine in Arizona.,"E.T.A., Avril","Recur, Fear/Obsess, Time"
143.0,140.0,27.0,20.0,701-711,287-295,2009.0,11.0,14 November Y.D.A.U.,Double-bound desperation,Friends join Hal to view “Blood Sister” / The peanut butter-n-biscuits story NA-splinter CA guy,"Hal watches ‘Blood Sister: One Tough Nun’. The plot of this film in detail. Hal thinks about another of his father’s films, ‘Low-Temperature Civics’. Switch to Joelle at a Cocaine Anon meeting, listening to a speaker describe his lowest moment (walking out on his wife and child.)","E.T.A., AA&R, Hal, Joelle, Art/Ent","Recur, Cycles, Fear/Obsess, Inf/Reg, Non-Action"
144.0,141.0,27.0,21.0,711-714,296-298,2009.0,11.0,11 November Y.D.A.U.,Narratively prolix and tangled stuff,“Blood Sister” run-through,The end of ‘Blood Sister: One Tough Nun’.,"E.T.A., Hal, Art/Ent","Recur, Cycles, Secrets"
145.0,157.0,27.0,22.0,714-716,299.0,2009.0,11.0,"14 November Y.D.A.U., before 2230h.","Right up close, looming in",Poor Tony robs Kate & Ruth,Kate Gompert right after Poor Tony snatched her purse.,"AA&R, Ennet","Recur, Time"
146.0,153.0,27.0,23.0,716-719,,2009.0,11.0,"14 November Y.D.A.U., before 2215h.",Another circle around that circle,Lenz stalks two Chinese women,"Lenz, high on coke, plans to rob the Asian woman.","AA&R, Ennet","Recur, Time"
147.0,112.0,27.0,24.0,719.0,,2009.0,11.0,8-10 November Y.D.A.U.,Turning all the stones,“Two ways of going...”,The AFR lays plans to pursue Orin Incandenza,"A.F.R., Samizdat","Secrets, Choice"
148.0,158.0,27.0,25.0,719-721,,2009.0,11.0,"14 November Y.D.A.U., before 2230h.",Something unimaginable is chasing you,,Poor Tony runs from a pursuing Ruth van Cleve.,"AA&R, Ennet","Recur, His/Father, Memory, Dreams"
149.0,113.0,27.0,26.0,721-723,300-302,2009.0,11.0,8-10 November Y.D.A.U.,"The wrath of a neighbor struck down, fatal pleasures",AFR finds entertainment at Antitois’,Fortier talks about the search for the samizdat at the Antitois’. It isn’t found immediately.,"A.F.R., Samizdat, Orin","Recur, Secrets, Inf/Reg"
150.0,114.0,27.0,27.0,723.0,,2009.0,11.0,10 November Y.D.A.U.,Senses of purpose,Fourtier sacrifices with wheelchair despite alternatives,Fortier enjoys the USA’s condescension toward the wheelchaired.,"A.F.R., Tech","Inf/Reg, Phys/Ob"
151.0,160.0,27.0,28.0,723-724,,2009.0,11.0,"14 November Y.D.A.U., before 2300h.",A fear of her teeth,Joelle dreams of Gately as dentist,Joelle worries about her teeth and dreams of Gately as residents try to sleep. Kate Gompert’s bunk is empty.,Joelle,"Recur, Fear/Obsess, Dreams"
152.0,151.0,27.0,29.0,724-728,303.0,2009.0,11.0,11-13 November Y.D.A.U.,Happy pursuit,"AFR conducts interviews, testing motivation range digitally",The Wheelchair Assassins discover the samizdat.,"A.F.R., Samizdat","Cycles, Waste, Choice"
153.0,159.0,27.0,30.0,728-729,,2009.0,11.0,"14 November Y.D.A.U., before 2230h.",A kind of second city,,"In a back alley after robbing the Asian woman, Randy Lenz hears the crash of a barrel thrown by Poor Tony at Ruth.","AA&R, Ennet","Recur, Fear/Obsess, Waste"
154.0,163.0,27.0,31.0,729-735,304.0,2009.0,11.0,"14 November Y.D.A.U., before 2300h.","A clatter and two shrieks, heads full of parts",,Marathe enters Ennet “clued” by halitotic man,"E.T.A., Ennet, A.F.R.","Recur, Fear/Obsess, Secrets, Inf/Reg, Waste, Memory, Non-Action, Boundaries, Phys/Ob"
155.0,161.0,27.0,32.0,736-747,305-310,2009.0,11.0,"14 November Y.D.A.U., before 2300h.",The second-saddest family Joelle’d ever seen,"Joelle cleans room, remembers first Thanksgiving with the Incandenzas","Joelle cleaning her room. How Joelle and Himself became close. Descriptions of ‘Prenuptial Agreement of Heaven and Hell’, and ‘The Medusa v. The Odalisque’. A very memorable Thanksgiving dinner.","Hal, Joelle, Jim, Orin, Art/Ent, Avril","Recur, Fear/Obsess, Cycles, Inf/Reg, Isolation, His/Father, Memory"
156.0,164.0,27.0,33.0,747-751,311-313,2009.0,11.0,"14 November Y.D.A.U., before 2300h.",Thinking along several parallel tracks,,Marathe’s entry interview with Pat M. at Ennet House.,"Ennet, A.F.R.","Recur, Secrets"
157.0,162.0,27.0,34.0,751-752,,2009.0,11.0,"14 November Y.D.A.U., before 2300h.",Careful rings,,Joelle cleaning. Finishes her Incandenza Thanksgiving story.,Joelle,"Fear/Obsess, Cycles, Secrets"
158.0,165.0,27.0,35.0,752-755,314-315,2009.0,11.0,"14 November Y.D.A.U., before 2300h.",Confusion of choices,"Marathe & Pat talk, Johnette pokes her head in",Marathe’s entry interview with Pat M. at Ennet House continued.,"Ennet, A.F.R.","Recur, Secrets, Choice"
159.0,142.0,27.0,36.0,755-769,316-319,2009.0,11.0,"11 November Y.D.A.U., around 2100h.",A kind of writhing weave,"Mario films, while walking","Mario filming for his documentary. Interviews Felicity Zweig, LaMont Chu, and then the Moms. He asks her, “How can I tell if somebody’s sad?”","E.T.A., AA&R, Mario, Avril","Recur, Cycles, Fear/Obsess, Waste, Isolation, His/Father, Non-Action"
160.0,144.0,27.0,37.0,769-774,320.0,2009.0,11.0,"12 November Y.D.A.U., pre-dawn",Real monsters,Mario and Hal discuss liars,Mario and Hal talk in their room. Hal describes how Pemulis talked his way out of the urine test.,"E.T.A., Hal, Mario, Orin","Recur, Secrets, Waste, Memory, Dreams"
161.0,166.0,27.0,38.0,774-782,,2009.0,11.0,"14 November Y.D.A.U., after 2300h.",The pain of the chains and cage of never choosing,Marathe and Kate get flapped,Marathe and a bruised Kate Gompert meet in a bar. Gompert had come in to throw up after the robbery.,"Ennet, A.F.R.","Recur, Inf/Reg, Isolation, Phys/Ob, Choice"
162.0,145.0,27.0,39.0,782-785,321.0,2009.0,11.0,"12 November Y.D.A.U., pre-dawn",Points moving inexorably toward each other,Hal fesses up to Mario,Mario tells Hal that he seems sad. Hal confesses he uses high-resin Bob Hope to Mario.,"E.T.A., AA&R, Hal, Mario","Recur, Fear/Obsess, Secrets, Isolation, Choice, Dreams"
163.0,172.0,27.0,40.0,785-787,322-323,2009.0,11.0,"17 November Y.D.A.U., just after 0830h.",The kid at the door,,Johnette lets Hal into Ennet House.,"Hal, Ennet","Recur, Secrets"
164.0,,27.0,41.0,787.0,324.0,2009.0,11.0,"17 November Y.D.A.U., 1420h.",Standalone Footnote 324,,,E.T.A.,"Recur, Inf/Reg, His/Father"
165.0,174.0,27.0,42.0,787-795,325-331,2009.0,11.0,17 November Y.D.A.U.,"The exact same kind of monster, a direct facial hit",Molly Notkin tells ALL re Joelle’s history,Results of Rodney Tine Jr.’s interrogation of Molly Notkin. Description of Thanksgiving dinner at Joelle’s parents house in YTMP.,"AA&R, O.U.S., Samizdat, Joelle","Recur, Cycles, Secrets, Inf/Reg, His/Father"
166.0,,27.0,43.0,795.0,332.0,2009.0,11.0,17 November Y.D.A.U.,Standalone Footnote 332,,,E.T.A.,"Recur, Fear/Obsess, Waste, His/Father"
167.0,176.0,27.0,44.0,795-808,333-336,2009.0,11.0,"17 November Y.D.A.U., around 1730h.","Tensed menace, a living thaing that’s chosen to hold itself still",Hal’s Inner Child Meeting,"Hal at what he thinks is a meeting for Narcotics Anonymous. Turns out the meeting focuses on the Inner Infant, and one of the speakers is Kevin Bain, Orin’s friend and the brother of ETA student Marlon.","AA&R, Hal","Recur, Inf/Reg, Isolation"
168.0,167.0,28.0,1.0,809-827,337-341,2009.0,11.0,12-15 November Y.D.A.U.,When it starts to get dark out is when the ceiling breathes,The shadow of something dark,"Gately wakes up in the hospital. Interactions with Tiny Ewell, Pat M., Calvin Thrust, and possibly Joelle.","Ennet, Gately","Recur, Fear/Obsess, His/Father, Memory, Phys/Ob, Dreams"
169.0,169.0,28.0,2.0,827-845,342-343,2009.0,11.0,15-16 November Y.D.A.U.,Feelings of communicative impotence and mute strangulation,,Gately in the hospital. James Incandenza as the wraith.,"Ennet, Gately, Jim, Art/Ent","Recur, Fear/Obsess, Inf/Reg, His/Father, Memory, Non-Action, Phys/Ob, Time, Dreams, Loss"
170.0,179.0,28.0,3.0,845-846,,2009.0,11.0,19 November Y.D.A.U.,A brief period of tension,,The AFR’s plan to replace the Quebecois tennis players en route to ETA,"AA&R, Ennet, A.F.R., Samizdat","Recur, Secrets, Waste"
171.0,170.0,28.0,4.0,846-851,,2009.0,11.0,16 November Y.D.A.U.,More dark myth,"Gately’s dreams: Joelle, Mrs. Waite",Gately in the hospital. His vision of Joelle as Death (while “apparently real nondream Joelle van D. is leaning over the bed’s crib-railing”).,"Joelle, Gately, Art/Ent","Recur, His/Father, Memory, Non-Action, Dreams"
172.0,181.0,28.0,5.0,851-854,344-346,2009.0,11.0,"20 November Y.D.A.U., before 0500h.",Standing on one foot in the dark,Hal in his room while snow falls,Gaudeamus Igitur. Hal narrates. He wakes up after a bad dream.,"AA&R, Hal","Dreams, Loss"
173.0,171.0,28.0,6.0,854-864,347-351,2009.0,11.0,16 November Y.D.A.U.,Personal historical snapshots,,"Joelle visits Gately in the hospital, shares photo album.","AA&R, Joelle, Gately","Recur, His/Father, Memory, Time, Choice"
174.0,182.0,28.0,7.0,864-876,352-353,2009.0,11.0,"20 November Y.D.A.U., around 0500h.",His forehead up against the glass,Stice stuck to window; Hal’s tic; Kenkle & Brandt,"Hal brushes his teeth, finds the window open in the boys bathroom. Subsequently comes across Stice with his forehead frozen to a window in the dorm’s hallway. He asks Troeltsch to watch his toothbrush (“only the worst kind of naïf leaves his toothbrush unattended around ETA…”) and goes to get help. Hal’s uncontrolled ticks start to manifest themselves. He speaks with the ETA janitorial staff and the ticks continue.","E.T.A., Hal",Recur
175.0,180.0,28.0,8.0,876-883,,2009.0,11.0,20 November Y.D.A.U.,Stuff of fucking nightmares,Subsidized time meeting with Glad,"“Weather-delayed meeting” between Rodney Tine, Sr. (and staff) with Glad regarding Year of Glad and Fully Functional Phil, the prancing ass.","O.U.S., Samizdat","Recur, Inf/Reg, His/Father, Phys/Ob, Choice"
176.0,178.0,28.0,9.0,883-896,354-361,2009.0,11.0,16-18 November Y.D.A.U.,"Let them come as they will, but do not entertain them",Gately receives more visitors,Gately in the hospital. Ferocious Francis visits. Gately crushes his doctor’s testicles.,"Ennet, Gately","Recur, Memory, Time, Choice, Dreams"
177.0,183.0,28.0,10.0,896-902,,2009.0,11.0,20 November Y.D.A.U.,"Real beaks and claws, intense horizontality",Hal stream of consciousness amid descent,"Whatever ends up seriously afflicting Hal (likely the DMZ) starts to really kick in (“I was moving down the damp hall when it hit”). In his room, Hal lies down and doesn’t feel like getting up.","E.T.A., Hal, Jim, Avril","Recur, Waste, His/Father, Non-Action, Phys/Ob, Choice"
178.0,5.0,28.0,11.0,902-906,362-365,2009.0,,1990s,"Out of nowhere, the sidewalk comes rushing up to meet you",Gately’s football & pharmacological youth,"Gately’s childhood and history of his substance abuse (9-year-old Gately smokes his first duBois in 1990, quits football and drops out in at 17).","AA&R, Gately","Recur, Memory, Boundaries, Time"
179.0,184.0,28.0,12.0,906-911,366.0,2009.0,11.0,20 November Y.D.A.U.,"Desiccated, deprived of some essential fluid",Pemulis wants to interface with an unimpressed Hal,"Hal talks with Pemulis, who is concerned that the DMZ is gone, then watches part of his father’s film ‘Good-Looking Men in Small Clever Rooms That Utilize Every Centimeter of Available Space with Mind-Boggling Efficiency’.","E.T.A., Hal, Art/Ent","Recur, His/Father, Choice"
180.0,6.0,28.0,13.0,911-916,367-371,2009.0,,1990s,Real addiction and what it can turn someone into,Gately history: Fackleman & Kite,"More of Gately’s history working for Whitey Sorkin with Gene Fackelmann. Gately watches Orin, “The B.U. punter,” on TV “just after Xmas then has a breakdown over his wasted athletic talent.","AA&R, Gately","Recur, Inf/Reg, Memory, Loss"
181.0,185.0,28.0,14.0,916.0,,2009.0,11.0,20 November Y.D.A.U.,Looking up into the darkness,Pemulis checks his entrepot,Pemulis finds several drop-ceiling panels on the floor of Subdormitory B. He’s looking for the DMZ in an old sneaker behind the relevant panel. (Makes sense that Pemulis would go to gather his stash from its hiding spot after he was kicked out. As for who took it – that’s one of the big questions of IJ. A popular theory for Hal’s strange illness at the end of the book is that he was dosed with the DMZ. So who would swipe the DMZ and dose Hal? The wraith trying to bring Hal out of his shell perhaps? The AFR spy John Wayne? Avril? An infiltrating AFR agent arriving in advance of the rest of the group in the tennis bus?),"E.T.A., AA&R","Secrets, Boundaries, Loss"
182.0,188.0,28.0,15.0,916-934,372-376,2009.0,11.0,19-20 November Y.D.A.U.,A thing that basically hides,Gately: Fackleman’s HUGE windfall; digging dream.,"More on Gene Fackelmann and Gately’s ex-girlfriend Pamela Hoffman-Jeep. Back in the hospital, Gately dreams about riding in “a bus the same color as its own exhaust” aka the Paragon bus gray line of the next scene. Lyle in wraith form licks Gately’s forehead. Gately has a prescient dream of Hal and Joelle in a graveyard digging up James Incandenza’s head.","AA&R, Hal, Gately, Joelle, Jim","Recur, Cycles, Inf/Reg, Waste, His/Father, Isolation, Memory, Non-Action, Time, Dreams"
183.0,190.0,28.0,16.0,934.0,,2009.0,11.0,20 November Y.D.A.U.,Almost mind-boggling danger,Joelle is warned by Steeply,Joelle is picked up by the O.U.S. after visiting Gately.,"O.U.S., Joelle",Secrets
184.0,189.0,28.0,17.0,934-938,377.0,2009.0,11.0,20 November Y.D.A.U.,Like men deep under water,Gately & Fackleman’s MASSIVE Dilaudid binge,Gately flashes back to when he and Gene tackle Mt. Dilaudid while experiencing heart arrhythmia in the hospital.,"AA&R, Gately","Recur, Memory, Non-Action, Boundaries, Time, Dreams"
185.0,191.0,28.0,18.0,938-941,,2009.0,11.0,20 November Y.D.A.U.,Terminally compelling,,Joelle questioned about the Entertainment by Steeply.,"O.U.S., Samizdat, Joelle","Recur, Cycles, Inf/Reg, Loss"
186.0,186.0,28.0,19.0,941-958,378-382,2009.0,11.0,20 November Y.D.A.U.,People broken into pieces and trying to join,"Hal thinks; Stice on ceiling, mapless, Accomplice!, Weston, Orin’s porno, Avril’s .… proclivities",Mario and Kyle Dempy Coyle are also watching one of Himself’s films. Explanation of what happened to Stice. Description of ‘Accomplice!’.,"E.T.A., Hal, Jim, Orin, Art/Ent, Avril","Recur, Cycles, Secrets, Isolation, His/Father, Memory, Non-Action, Phys/Ob"
187.0,192.0,28.0,20.0,958.0,,2009.0,11.0,20 November Y.D.A.U.,A linen-pale version of what she really looked like,"Joelle, post interview, returns to Ennet","On her return to Ennett House, Joelle sees a county sheriff’s car stationed outside, which presumably transported the ADA to Ennet.",Joelle,Recur
188.0,193.0,28.0,21.0,958-960,,2009.0,11.0,20 November Y.D.A.U.,Another of those round-robin-speaker deals,Mickey’s “cunt sister” denies consent,"Mikey, a “sick fuck,” tells his story at an AA meeting.","AA&R, Joelle",Cycles
189.0,168.0,28.0,22.0,960-964,383.0,2009.0,11.0,14-15 November Y.D.A.U.,Time passes and nothing moves forward,Assistant DA “names his disease” to Pat M.,The ADA talks with Pat M. about the Ninth Step. He needs Gately to forgive him.,"AA&R, Ennet, Gately","Recur, Fear/Obsess, Cycles, Waste, Non-Action"
190.0,187.0,28.0,23.0,964-971,384.0,2009.0,11.0,20 November Y.D.A.U.,"Postures and little routines, begging for one touch of a human hand",ETA; Quebec team gala; Barry Loach as panhandler,“Immediately Pre-Fundraiser Exhibition Fête” as narrated by an unnamed ETA student. Hal acting strangely. Backstory of ETA Head Trainer Barry Loach.,E.T.A.,"Recur, Cycles, His/Father"
191.0,194.0,28.0,24.0,971-972,,2009.0,11.0,20 November Y.D.A.U.,Pretty clearly not one of his bad dreams,Orin under glass,Orin is trapped in a huge inverted glass for interrogation by Luria P—— and Fortier.,"A.F.R., Orin","Recur, Fear/Obsess"
192.0,195.0,28.0,25.0,972-981,385-388,2009.0,11.0,20 November Y.D.A.U.,Like a long-submerged man coming up for air,Gately fever; Dilaudid debauch w/ Fackleman,Hospital staff responds to Gately’s crisis. Mt. Dilaudid flashback continues with Bobby C arriving to punish Gene Fackelman after the drug binge.,"AA&R, Gately","Recur, Cycles, Inf/Reg, Waste, Isolation, Memory, Dreams"
193.0,3.0,100.0,76.0,998-999,,1992.0,,4-5 November Y.D.A.U,Footnote 76,Hal’s position on the Damaged-to-GIfted spectrum,,"E.T.A., AA&R, Hal","Recur, Fear/Obsess, Inf/Reg"
194.0,122.0,100.0,90.0,1000-1003,,2009.0,11.0,6 November Y.D.A.U.,Footnote 90,Snippets overheard by Gately during Informal Interface Hours,Selected snippets of Gately’s interactions with Ennet House residents.,"Ennet, Gately","Recur, Fear/Obsess, Isolation, Time, Loss"
195.0,13.0,100.0,110.0,1004-1022,,2009.0,11.0,7 November Y.D.A.U.,Footnote 110,Hal & Orin discuss Quebec (Still separatist? Or Anti-ONAN?) plus a sampling of Avril’s correspondance with Orin,"“here later in the same day, 11/7” Near 1600h EST (Page 1009: “What is it out there, 1600h?”), 1400h in Arizona. Orin and Hal talk on the phone about Steeply, ONAN politics, the samizdat. (Read around the letters from and to the Moms. Orin is still considering Helen Steeply the “Subject,” not Luria. Steeply has yet to be dropped off at the airport.)
Avril writes to Orin in Arizona, but receives a form letter in reply. (These letters are wedged in the middle of Footnote 110. Read only the letters.)","E.T.A., Hal, A.F.R., Mario, Orin, Avril, O.N.A.N.","Recur, Cycles, Secrets, Waste, His/Father, Choice"
196.0,73.0,100.0,145.0,1026-1028,,2009.0,11.0,early Y.W.,Footnote 145,Found Drama,"Transcript of Steeply’s soft profile on Orin. (This is dated Nov. 3, the same day Orin calls Hal to ask about Canadian Separatism (see section 135-137). Orin calls because the interview has put him on his toes, so it’s logical to have the chronological reader read the interview before coming to the phone call, which presumably takes place in the evening after the long day at ETA.)","Jim, Orin, Art/Ent",Recur
197.0,74.0,100.0,234.0,1038-1044,,2009.0,11.0,10 November Y.D.A.U.,Footnote 234,Found Drama (cont’d),More of Steeply’s soft profile on Orin.,"Hal, A.F.R., O.U.S., Jim, Mario, Orin, Avril","Recur, Fear/Obsess, Cycles, Secrets, Inf/Reg, His/Father, Memory"
198.0,139.0,100.0,304.0,1055-1062,,2009.0,11.0,"14 November Y.D.A.U., before 2300h.",Footnote 304,Le Jeu du Prochain Train,Struck’s report on Canadian insurgency. Wayne’s link to the AFR revealed.,"E.T.A., Ennet, A.F.R.","Recur, Fear/Obsess, Secrets, Inf/Reg, Waste, Memory, Non-Action, Boundaries, Phys/Ob"
199.0,146.0,100.0,321.0,1063-1066,,2009.0,11.0,"12 November Y.D.A.U., pre-dawn",Footnote 321,,"Hal and Pemulis talk drugs, addiction.","E.T.A., AA&R, Hal, Mario","Recur, Fear/Obsess, Secrets, Isolation, Choice, Dreams"
200.0,173.0,100.0,324.0,1066-1072,,2009.0,11.0,"17 November Y.D.A.U., 1420h.",Footnote 324,"Pemulis reassures Possathwaite w/o throttling Freer, somehow",Pemulis tells a distraught Todd Possalthwaite that he can trust math. John Wayne “is insanely holding forth innermost thoughts for public ears.”,E.T.A.,"Recur, Inf/Reg, His/Father"
201.0,175.0,100.0,332.0,1073-1076,,2009.0,11.0,17 November Y.D.A.U.,Footnote 332,Wayne goes nuts on the air; Pemulis confronted,Pemulis booted from ETA after the Wayne incident.,E.T.A.,"Recur, Fear/Obsess, Waste, His/Father"
