pos,,,,,1.0,2.0,3.0,4.0,5.0,6.0,7.0,8.0,9.0,10.0,11.0,12.0,13.0,14.0,15.0,16.0,17.0,18.0,19.0,20.0,21.0,22.0,23.0,24.0,25.0,26.0,27.0,28.0,29.0,30.0,31.0,32.0,33.0,34.0,35.0,36.0,37.0,38.0,39.0,40.0,41.0,42.0,43.0,44.0,45.0,46.0,47.0,48.0,49.0,50.0,51.0,52.0,53.0,54.0,55.0,56.0,57.0,58.0,59.0,60.0,61.0,62.0,63.0,64.0,65.0,66.0,67.0,68.0,69.0,70.0,71.0,72.0,73.0,74.0,75.0,76.0,77.0,78.0,79.0,80.0,81.0,82.0,83.0,84.0,85.0,86.0,87.0,88.0,89.0,90.0,91.0,92.0,93.0,94.0,95.0,96.0,97.0,98.0,99.0,100.0,101.0,102.0,103.0,104.0,105.0,106.0,107.0,108.0,109.0,110.0,111.0,112.0,113.0,114.0,115.0,116.0,117.0,118.0,119.0,120.0,121.0,122.0,123.0,124.0,125.0,126.0,127.0,128.0,129.0,130.0,131.0,132.0,133.0,134.0,135.0,136.0,137.0,138.0,139.0,140.0,141.0,142.0,143.0,144.0,145.0,146.0,147.0,148.0,149.0,150.0,151.0,152.0,153.0,154.0,155.0,156.0,157.0,158.0,159.0,160.0,161.0,162.0,163.0,164.0,165.0,166.0,167.0,168.0,169.0,170.0,171.0,172.0,173.0,174.0,175.0,176.0,177.0,178.0,179.0,180.0,181.0,182.0,183.0,184.0,185.0,186.0,187.0,188.0,189.0,190.0,191.0,192.0,193.0,194.0,195.0,196.0,197.0,198.0,199.0,200.0,201.0
section,,,,,1.0,1.0,1.0,1.0,1.0,2.0,3.0,4.0,5.0,5.0,5.0,6.0,6.0,6.0,7.0,7.0,7.0,7.0,7.0,7.0,7.0,8.0,8.0,9.0,9.0,10.0,10.0,10.0,10.0,10.0,11.0,11.0,11.0,11.0,11.0,11.0,11.0,11.0,11.0,11.0,11.0,12.0,12.0,13.0,13.0,13.0,13.0,13.0,13.0,13.0,14.0,15.0,15.0,15.0,15.0,16.0,16.0,16.0,16.0,16.0,17.0,17.0,17.0,17.0,17.0,18.0,18.0,19.0,19.0,19.0,20.0,20.0,21.0,21.0,21.0,22.0,22.0,22.0,22.0,22.0,22.0,22.0,22.0,23.0,23.0,23.0,23.0,23.0,23.0,23.0,23.0,23.0,23.0,23.0,24.0,24.0,24.0,24.0,24.0,24.0,25.0,25.0,25.0,25.0,25.0,25.0,25.0,26.0,26.0,26.0,26.0,26.0,26.0,26.0,26.0,26.0,26.0,26.0,26.0,26.0,26.0,26.0,26.0,27.0,27.0,27.0,27.0,27.0,27.0,27.0,27.0,27.0,27.0,27.0,27.0,27.0,27.0,27.0,27.0,27.0,27.0,27.0,27.0,27.0,27.0,27.0,27.0,27.0,27.0,27.0,27.0,27.0,27.0,27.0,27.0,27.0,27.0,27.0,27.0,27.0,27.0,27.0,27.0,27.0,27.0,27.0,27.0,28.0,28.0,28.0,28.0,28.0,28.0,28.0,28.0,28.0,28.0,28.0,28.0,28.0,28.0,28.0,28.0,28.0,28.0,28.0,28.0,28.0,28.0,28.0,28.0,28.0,100.0,100.0,100.0,100.0,100.0,100.0,100.0,100.0,100.0
subsection,,,,,1.0,2.0,3.0,4.0,5.0,,,,1.0,2.0,3.0,1.0,2.0,3.0,1.0,2.0,3.0,4.0,5.0,6.0,7.0,1.0,2.0,1.0,2.0,1.0,2.0,3.0,4.0,5.0,1.0,2.0,3.0,4.0,5.0,6.0,7.0,8.0,9.0,10.0,11.0,1.0,2.0,1.0,2.0,3.0,4.0,5.0,6.0,7.0,,1.0,2.0,3.0,4.0,1.0,2.0,3.0,4.0,5.0,1.0,2.0,3.0,4.0,5.0,1.0,2.0,1.0,2.0,3.0,1.0,2.0,1.0,2.0,3.0,1.0,2.0,3.0,4.0,5.0,6.0,7.0,8.0,1.0,2.0,3.0,4.0,5.0,6.0,7.0,8.0,9.0,10.0,11.0,1.0,2.0,3.0,4.0,5.0,6.0,1.0,2.0,3.0,4.0,5.0,6.0,7.0,1.0,2.0,3.0,4.0,5.0,6.0,7.0,8.0,9.0,10.0,11.0,12.0,13.0,14.0,15.0,16.0,1.0,2.0,3.0,4.0,5.0,6.0,7.0,8.0,9.0,10.0,11.0,12.0,13.0,14.0,15.0,16.0,17.0,18.0,19.0,20.0,21.0,22.0,23.0,24.0,25.0,26.0,27.0,28.0,29.0,30.0,31.0,32.0,33.0,34.0,35.0,36.0,37.0,38.0,39.0,40.0,41.0,42.0,43.0,44.0,1.0,2.0,3.0,4.0,5.0,6.0,7.0,8.0,9.0,10.0,11.0,12.0,13.0,14.0,15.0,16.0,17.0,18.0,19.0,20.0,21.0,22.0,23.0,24.0,25.0,76.0,90.0,110.0,145.0,234.0,304.0,321.0,324.0,332.0
group,eta,eh,onan,afr,,,,,,,,,,,,,,,,,,,,,,,,,,,,,,,,,,,,,,,,,,,,,,,,,,,,,,,,,,,,,,,,,,,,,,,,,,,,,,,,,,,,,,,,,,,,,,,,,,,,,,,,,,,,,,,,,,,,,,,,,,,,,,,,,,,,,,,,,,,,,,,,,,,,,,,,,,,,,,,,,,,,,,,,,,,,,,,,,,,,,,,,,,,,,,,,,,,,,,,,,
hal,.,,,,x,x,x,x,x,,x,x,,,,x,,,x,,,,,,x,,,,x,,,,,,,,,x,,x,,x,x,,,,,x,,,x,,,,x,,x,x,,o,,x,,x,,,,,,,x,x,,,o,,x,o,,x,,,,,,,,,,,,x,,x,,,,,,x,x,,,,,,,,x,,,,,,,,x,,,o,,,,o,,,,,x,,,x,o,o,o,,x,,,x,,,,,,,x,x,,,,,,,,,,,x,,,,o,x,,x,x,,,,x,,o,,,x,,x,,,x,,x,,,o,,,,x,,,,x,,,x,,x,o,o,o,x,o,
mario,.,,,,,,,,,,,x,,,,x,,,,,x,,,,,,,,,,,x,,,,,,,,,,,x,,,,,,,,,,,,x,,o,x,,x,,,,,,,,,o,,o,x,,x,o,,,x,,,,,,,o,,x,x,o,x,,o,x,o,,x,,x,,x,x,,,,,,,,o,,,,,,,,,,,,,,,x,,o,,o,o,,,x,o,,,,o,,,,,,,,x,,,,,,,,,,,,,,x,,,,x,x,,x,,,,,,,,,,x,,o,,,o,,,,,,,,,x,,,,o,,,o,,o,o,o,,,,
orin,.,,,,,x,,,,,,x,,,,,,x,,,,,,,,,x,,,,,,,,,,,,,,,,,,,,,x,,,,o,,,,,,,,o,,,,,o,,o,,o,,x,,,,x,,o,o,,,,,,o,,,,o,,,,,o,,,,,,,,,,,,,,,,o,,,,,,,,,,,x,,x,,,,x,,,o,,,x,o,,,,,,,,,,,,,,,,,,,,o,,,,,,x,,,,,,,,,,o,,,,,o,,,,,,,o,,,o,,,,,,o,,,,,x,,,,x,x,x,,,,
avril,.,,,,,x,,,o,,o,,,,,o,,,x,,,,,,,o,,,o,,,,,,o,,,,,,,,,,,,,o,,,,,,,,,,,,o,,,,,,,,,o,,o,,,,o,,o,o,,,,,,,,,,x,,,,,,,,,,o,,,,,,,,,,,x,,,,,,x,,,,,,,,,o,,,,,,,,o,o,o,,,,,,,,,,,,x,,,,,,,,,,,,,x,,,,x,o,,o,,,o,,,,,,,,,,,,o,,o,,,,,,,o,,,,o,,,x,,o,o,o,,,o,o
joi,.,,,,,,,,o,,x,,,,,o,,o,o,,,,,,,x,,,,,,x,,,,,,,,,,,,,,,,,,,,o,,,,x,,x,,o,,,,,o,,o,,o,,o,,,,o,,,o,,,,,,o,x,,x,,,,,o,o,o,,x,,,,,o,,,,o,x,,,,,,,,,,,,,,,o,,,,,,,,o,,,,o,,,,o,,,o,,,,,,,o,,,,,,,,,,,,x,,,,,,,o,,,o,,,x,x,,,,,o,,,o,,o,,,o,,,o,o,,,,o,,,,,,o,o,,o,o,
joi-father,.,,,,,,,,,,,,,,,,,,o,,,,,,,o,,,,,,,,,,,,,,,,,,,,,,,,,,,,,,x,,,,,,,,,,,,,,,,,,,,,,o,,,,,,,,,,,,,,,,,,,,,,,,,,,,x,,,,,,,,,,,,,,,,,,,,,,,,,,,,,,,,,,,,,,,,,,,,,,,,,,,,,,,,,,,,,,,,,,,,,,,,o,,,o,,,,,,,,,,,,,,,,,,,,,,,,
pemulis,.,,,,,,,,,,,,,,,,,,o,,,,,o,,,,x,,,,,,,,,,x,,x,,x,,,,,,o,,,,,,,x,,x,,,,,x,,x,,,,,,,,x,,x,o,,,,,x,,,,,,,,,,,,,,,,,,,,,,,,,,,,,x,,,,,,x,,x,,,,x,,,,,,,,x,,,x,,,,,,,,,,,x,,,,o,,,,,,,,,,,,,,,,o,o,,o,,,,,,,,,,o,,,,,o,,x,,x,,,,,,,,,x,,,,,x,,,,x,x,x
tavis,.,,,,x,,,x,x,,,,,,,o,,,o,,,,,,,o,,,,,,,,,,,,,,o,,,,,,,,o,,,,,,,,,,,,o,,,,,,,,,,,o,,,x,o,,,o,,,,,,,,,,o,,,,,,,,,,,,,x,,,,,,,,x,,,,,,o,,,,,,,,,,,,,,o,,,x,,,o,,,,,,,,,,,,,,,,,,,,,,,,,,,,o,,,o,,,,,,,,,,,,,,,o,,o,,,,,,,o,,,,o,,,,,o,,,,,o,
lyle,.,,,,,,,,,,,,,,,,,,,,,,,,,,,,,,,,,,,,,,,,,,,,,x,,,,,,,,,,,,,,,,x,,,,,,,,,o,,,,,,,o,,,,,,,x,,x,,x,,x,,,,,x,,,,,,,,,,,,,,,,,,,,,,,,,o,,,,,,,,,,,,,,,,,,,,,,,x,,,,,,,,,,,,,,,,,,,,,,,,,,,,,,,,,,o,,,,,,,,o,,,,,,,,,,o,,,,,,,,,
delint,.,,,,x,,x,x,x,,,,,,,,,,,,,,,,,,,,,,,o,,,,,,,,,,,,,,,,,,,,,,,o,,,,,,,,,,,,,,,,,x,,,o,,,,,,,,,,,,,,,,,,,,,,,,,,,,,,,,,,,,,,,,,,,,,,,,,,,,,,,,,x,,,x,,x,,,,,,,,,,,,,,,,,,,,,,,,,,,,,,,,,,,,,,,,,,,,,,,,,,,,,,,,,,,,,,,,,,,,x
wayne,.,,,.,,,,,o,,,,,,,,,,,,,,,,,,,,,,,,,,,,,x,,x,,x,,,,,,,,,,,,,,,,,,o,,,,o,,,,,,,,x,,x,,,,,,,,,,,,,,o,,,,,,,,,,o,,,,,,,,,,,,,,,,,x,,x,,,,,,,,,,,,x,,,,,,o,,,,,,,,,,,,,,,,,,,,,o,,,,,,,,,,,,,,,,,,,,o,,,,,o,,,,,,,,,x,,,,x,,,,,o,,,,,o,o
schtitt,.,,,,,,,,,,,,,,,,,,,,o,,,,,,,,,,,x,,,,,,,,,,o,,,,,,,,,,,,,,,,,,,,,,,,,,,,,,,,,o,,,,,,,,,,,,,o,,,,,,o,,o,,,,,x,,,,,,,,,,,,,,,,,,,,,,,,,,,,o,,,x,,,o,,,,,,,,,,x,,,,,,,,,,,,,,,,,,x,,,,,,,,,,,,,,,,,,,,,,,,,,,,,,,o,,,,,o,,,,,,
troeltsch,.,,,,,,,,,,,,,,,,,,,,,,,x,,,,,,,,,,,,,,x,,,,x,,,,,,,,,,,,,,,,,,,,x,,,,,,,,,,o,,x,,,x,,,x,,,,,,,,,,,,,,,,,,,,,,,,,,,,,,,,,,,,,x,,,,,,,,,,,,x,,,,,,,,,,,,,x,,,,,,,,,,,,,,,,,,,,,,,,,,,,,,,,,,,,x,,,,,,,,,,,,o,,,,x,,,,,o,,,,,x,o
schacht,.,,,,,,,,,,,,,,,,,,,,,,,,,,,,,,,,,,,,,x,,x,,,,,,,,,,,,,,,,,,,,,,,,,,,,,,,,x,,x,,,x,,,,,,,,,,,,,,,,,,,,,,,,,,,,,,,,,,,,,,,,,,,,x,,,,,,,,x,,,,,,,,,,,,,,,,,,,,,,,,,,,,,,,,,,,,,,,,,,,,,,,,,,,,,,,,,,,,,,,,,x,,,,,o,,,,,o,
axford,.,,,,,,,,,,,,,,,,,,,,,,,,,,,,,,,,,,,,,,,o,,x,,,,,,,,,,,,,x,,,,,,,,,x,,,,,,,,o,,x,,,,,,x,,,,,,,,,,,,,,,,,,,,,,,,,,,,,x,,,,,,,,,,,,,,,,,,,,x,,,,,,,,,,,,,,,,,,,,,,,,,,,,,,,,,,,,,o,,,,,,,,,,,,,,,,,,,,,,,,o,,,,,,,,,o,,,,,,
struck,.,,,,,,,,,,,,,,,,,,o,,,,,,,,,,,,,,,,,,,,,x,,x,,,,,,,,,,,,,o,,,,,,,,,o,,,,,,,,o,,x,,,,,,x,,,,,,,,,,,,,,,,,,,,,,,,,,,,,,,,,,,,,,,,,,,,,,,,,x,,,x,,,,,,,,,,,,,,,o,,,,,,,,,,,,,,,,,,,,,,,,,,,,,,,,,,,,,,,,,,,,,,,x,,,,,o,,,x,o,,
stice,.,,,,,,,,o,,,,,,,,,,,,,,,,,,,,,,,,,,,,,x,,x,,x,,,,,,,,,,,,,,,,,,,,,,,,,,,,,,,,,,,,,,,,,,,,,,,,,x,,,,,,,,,,o,,,,,,,,x,,,,,,x,,,,,,,,,,,,,,x,,,x,,o,o,,,,,,,,,,,,,,,,,,,,,,,,,,,,,,,,,,,,,,,,,,,x,,,o,,,,,,,,,o,,,,x,,,,,o,,,,,x,
watt,.,,,,,,,,o,,,,,,,,,,,,,,,,,,,,,,,,,,,,,,,,,,,,,,,,,,,,,,,,,,,,,,,,,,,,,,,,,,,,,,,,,,,,,,,,,,,,,,,,,,,,,,,,,,,,,,,,,,,,,,,,,,,,,,,,,,,,,,,,,,,,,,,,,,,,,,,,,,,,,,,,,,,,,,,,,,,,,,,,,,,,,,,,,,,,,o,,,,,,,,,,,,,,,
dymphna,.,,,,,,,,o,,,,,,,,,,,,,,,,,,,,,,,,,,,,,,,,,,,,,,,,,,,,,,,,,,,,,,,,,,,,,,o,,,,,,,,,,,,,,,,,,,,,,,,,,,,,,,,,,,,,,,,,,,,,,,,,,o,,,,,,,,,,,,,,,,,,,,,,,,,,,,,,,,,,,,,,,,,,,,,,,,,,,,,,,,,,,,,,,,,,,,,,,,,,,,,,,,,,,,
khan,.,,,,,,,,o,,,,,,,,,,,,,,,,,,,,,,,,,,,,,,,,,,,,,,,,,,,,,,,,,,,,,,,,,,,,,,,,,,,,,,,,,,,,,,,,,,,,,,,,,,,,,,,,,,,,,,,,,,,,,,,,,,,,,,,,x,,,,,,,,,,,,,,,,,,,,,,,,,,,,,,,,,,,,,,,,,,,,,,,,,,,,x,,o,,,,,,,,,,,x,,,,,,,,,,,
polep,.,,,,,,,,o,,,,,,,,,,,,,,,,,,,,,,,,,,,,,,,,,,,,,,,,,,,,,,,,,,,,,,,,,,,,,,,,,,,,,,,,,,,,,,,,,,,,,,,,,,,,,,,,,,,,,,,,,,,,,,,,,,,,,,,,,,,,,,,,,,,,,,,,,,,,,,,,,,,,,,,,,,,,,,,,,,,,,,,,,,,,,,,,,,,,,,,,,,,,,,,,,,,,
deans,.,,,,x,,x,x,,,,,,,,,,,,,,,,,,,,,,,,,,,,,,,,,,,,,,,,,,,,,,,,,,,,,,,,,,,,,,,,,,,,,,,,,,,,,,,,,,,,,,,,,,,,,,,,,,,,,,,,,,,,,,,,,,,,,,,,,,,,,,,,,,,,,,,,,,,,,,,,,,,,,,,,,,,,,,,,,,,,,,,,,,,,,,,,,,,,,,,,,,,,,,,,,,,,,
thode,.,,,,,,,,,,,,,,,,,,,,,,,,,,,,,,,o,,,,,,,,,,,,,,,,,,,,,,,,,,,,,,,,,,,,,,,,,,,,,x,,,,,,,,,,,,,,,,,,,,,,,,,,,,,,,,,,,,,,,,,,,,,,,,,,,,,,,,,,,,,,,,,,,,,,,,,,,,,,,,,,,,,,,,,,,,,,,,,,,,,,,,,,,,,,,,,,,,,x,,,,,,,,,,,
rader,.,,,,,,,,,,,,,,,,,,,,,,,o,,,,,,,,,,,,,,,,,,,,,,,,,,,,,,,,,,,,,,x,,,,,,,,,,,,,,,,,,,,,,,,,,,,,,,,,,,,,,,,,,,,,,,,,,,,,,,,,,,,,,,,,,,,,,,,,,,,,,,,,,,,,,,,,,,,,,,,,,,,,,,,,,,,,,,,,,,,,,,,,,,,,,,,,,,,x,,,,,,,,,,,
ingersol,.,,,,,,,,,,,,,,,,,,,,,,,,,,,,,,,,,,,,,,,x,,x,,,,,,,,,,,,,,,,,,,,,,,,,,,,,,,,,,,,,,x,,,,,,,,,,,,,,,,,,,,,,,,,,,,,,,,,,,,,,,,,,,,,,,,,x,,,,,,,,,,,,,,,,,,,,,,,,,,,,,,,,,,,,,,,,,,,,,,,,,,,,,,,,,,,,,,,,,,,,,,,,,,,,
possalthwaite,.,,,,,,,,,,,,,,,,,,,,,,,,,,,,,,,,,,,,,,,o,,x,,,,,,,,,,,,,,,,,,,,,,,,,,,,,,,,,,,,,,x,,,,,,,,,,,,,,,,,,,,,x,,,,,,,,,,,,,,,,,,,,,,,,,,,,,,,,,,,,,,,,,,,,,,x,x,,,,,,,,,,,,,,,,,,,,,,,,,,,,,,,,,,,,,,,,,,,,,,x,,,,,,,,,,x,
arslanian,.,,,,,,,,,,,,,,,,,,,,,,,,,,,,,,,,,,,,,,,,,x,,,,,,,,,,,,,,,,,,,,,,,,,,,,,,,,,,,,,,,,,,,,,,,,,,,,,,,,,,,,,,,,,,,,,,,,,,,,,,,x,,,,,,,,x,,,,,,,,,,,,,,,,,,x,x,,,,,,,,,,,,,,,,,,,,,,,,,,,,,,,,,,,,,,,,,,,,,,x,,,,,,,,,,,
beak,.,,,,,,,,,,,,,,,,,,,,,,,,,,,,,,,,,,,,,,,,,x,,,,,,,,,,,,,,,,,,,,,,,,,,,,,,,,,,,,,,,,,,,,,,,,,,,,,,,,,,,,,,,,,,,,,,,,,,,,,,,,,,,,,,,,,,,,,,,,,,,,,,,,,,,,,,,,,,,,,,,,,,,,,,,,,,,,,,,,,,,,,,,,,,,,,,,,,,,,,,,,,,,
blott,.,,,,,,,,,,,,,,,,,,,,,,,,,,,,,,,,,,,,,,,,,x,,,,,,,,,,,,,,,,,,,,,,,,,,,,,,,,,,,,,,,,,,,,,,,x,,,,,,,,,,,,,,,,,,,,,,,,,,,,,,,,,,,,,,,,,,,,,x,o,,,,,,,,,,,,x,x,,,,,,,,,,,,,,,,,,,,,,,,,,,,,,,,,,,,,,,,,,,,,,,,,,,,,,,,,
chu,.,,,,,,,,,,,,,,,,,,,,,,,,,,,,,,,,,,,,,,,,,x,,,,,,,,,,,,,,,,,,,,,,,,,,,,,,,,,,,,,,x,,,,,,,,,x,,,,,,,,,,,,o,,,,,,,,,,,,,,,,,,,,,,,,,,,,,,,,,x,o,,,,,,,,,,,,,,,,,,,,,,,,,,,,x,o,,,,,,,,,,,,,,,,,,,,,,,,,,,,,,x,,,,,,,,,,,
gopnik,.,,,,,,,,,,,,,,,,,,,,,,,,,,,,,,,,,,,,,,,,,x,,,,,,,,,,,,,,,,,,,,,,,,,,,,,,,,,,,,,,x,,,,,,,,,,,,,,,,,,,,,,,,,,,,,,,,,,,,,,,,,,,,,,,,,,,,,,x,o,,,,,,,,,,,,,,,,,,,,,,,,,,,,,,,,,,,,,,,,,,,,,,,,,,,,,,,,,,,,,,,,,,,,,,
mckenna,.,,,,,,,,,,,,,,,,,,,,,,,,,,,,,,,,,,,,,,,,,x,,,,,,,,,,,,,,,,,,,,,,,,,,,,,,,,,,,,,,x,,,,,,,,,,,,,,,,,,,,,,,,,,,,,,,,,,,,,,,,,,,,,,,,,,,,,,x,o,,,,,,,,,,,,,,,,,,,,,,,,,,,,,,,,,,,,,,,,,,,,,,,,x,,,,,,,,,,,,,,,,,,,,,,
peterson,.,,,,,,,,,,,,,,,,,,,,,,,,,,,,,,,,,,,,,,,,,x,,,,,,,,,,,,,,,,,,,,,,,,,,,,,,,,,,,,,,x,,,,,,,,,,,,,,,,,,,,,,,,,,,,,,,,,,,,,,,,,,,,,,,,,,,,,,x,o,,,,,,,,,,,,,,,,,,,,,,,,,,,,,,,,,,,,,,,,,,,,,,x,,,,,,,,,,,,,,,,,,,,,,,,
kittenplan,.,,,,,,,,,,,,,,,,,,,,,,,,,,,,,,,,,,,,,,,,,,,,,,,,,,,,,,,,,,,,,,,,,,,,,,,,,,,,,,,x,,,,,,,,,,,,,,,,,,,,,,,,,,,,,x,,,,,,,,,,,,,,,,,,,,,,,,,,,,,,,,,,,,,,,,,,,,,,,,,,,,,,,,,,,,,,,,,,,,,,,,,,,,,,,,,,,,,,,,,,,,,,,,
vleck,.,,,,,,,,,,,,,,,,,,,,,,,,,,,,,,,,,,,,,,,,,x,,,,,,,,,,,,,,,,,,,,,,,,,,,,,,,,,,,,,,,,,,,,,,,,,,,,,,,,,,,o,,,,,,,,,,,,,,,,,,,,,,,,,,,,,,,,,,,,,,,,,,,,,,,,,,,,,,,,,,,,,,,,,,,,,,,,,,,,,,,,,,,,,,,,,,,,,,,,,,,,,,,,
lord,.,,,,,,,,,,,,,,,,,,,,,,,,,,,,,,,,,,,,,,,,,x,,,,,,,,,,,,,,,,,,,,,,,,,,,,,,,,,,,,,,x,,,,,,,,,,,,,,,,,,,,,x,,,,,,,,x,,,,,,,,,,,,,,,,,,,,,,,,,,,,,,,,,,,,,,,,,,,,,,,,,,,,,,,,,,,,,,,x,,,,,,,,,,,,,,,,,,o,,,,x,,,,,,,,,,,
whale,.,,,,,,,,,,,,,,,,,,,,,,,,,,,,,,,,,,,,,,,,,x,,,,,,,,,,,,,,,,,,,,,,,,,,,,,,,,,,,,,,,,,,,,,,,,,,,,,,,,,,,,,,,,,,,,,,,,,,,,,,,,,,,,,,,,,,,,x,o,,,,,,,,,,,,,,,,,,,,,,,,,,,,,,,,,,,,,,,,,,,,,,,,,,,,,,,,,,,x,,,,,,,,,,,
traub,.,,,,,,,,,,,,,,,,,,,,,,,,,,,,,,,,,,,,,,,,,x,,,,,,,,,,,,,,,,,,,,,,,,,,,,,,,,,,,,,,,,,,,,,,,,,,,,,,,,,,,,,,,,,,,,,,,,,,,,,,,,,,,,,,,,,,,,x,o,,,,,,,,,,,,,,,,,,,,,,,,,,,,,,,,,,,,,,,,,,,,,,,,,,,,,,,,,,,x,,,,,,,,,,,
kent,.,,,,,,,,,,,,,,,,,,,,,,,,,,,,,,,,,,,,,,,,,,x,,,,,,,,,,,,,,,,,,,,,,,,,,,,,,,,,,,,,,,,,,,,,,,,,,,,,,,,,,,,,,,,,,,,,,,,,,,,,,,,,,,,,,o,,,,,,,,,,,,,,,,,,,,,,,,,,,,,,,,,,,,,,,,,,,,,,,,,,,,,,,,,,,,,,,,,,,,,,,,,,,,
kornspan,.,,,,,,,,,,,,,,,,,,,,,,,,,,,,,,,,,,,,,,,,,,,,,,,,,,,,,,,,,,,,,x,,,,,,,,,,,,,,,,,,,,,,,,,,,,,,,,,,,,,,,,,,,,,,,,,,,,,,,,,,,,,,,,,,,x,,,,,,,,,,,,,,,,,,,,,,,,,,,,,,,,,,,,,,,,,,,,,,,,,,,,,,,,,,,,,,,,,x,,,,,,,,,,o,
freer,.,,,,,,,,,,,,,,,,,,,,,,,,,,,,,,,,,,,,,,,,,,,,,,,,,,,,,,,,,,,,,x,,,,,,,,,,,,,,,,,,,,,,,,,,,,,,,,,,,,,,,,,,,,,,,,,,,,,,,,,,,,,,,,,,,x,,,,,,,,,,,,,,,,,,,,,,,,,,,,,,,,,,,,,,,,,,,,,,,,,,,,,,x,,,,,,,,,,,x,,,,,,,,,,x,
spodek,.,,,,,,,,,,,,,,,,,,,,,,,,,,,,,,,,,,,,,,,,,,,,,,,,,,,,,,,,,,,,,x,,,,,,,,,,,,,,,,,,,,,,,,,,,,,,,,,,,,,,,,,,,,,,,,,,,,,,,,,,,,,,,,,,,o,,,,,,,,,,,,,,,,,,,,,,,,,,,,,,,,,,,,,,,,,,,,,,,,,,,,,,,,,,,,,,,,,,,,,,,,,,,,
coyle,.,,,,,,,,,,,,,,,,,,,,,,,,,,,,,,,,,,,,,,,,,,,,,,,,,,,,,,,,,,,,,,,,,,,,,,,,,x,,,,,,,,,,,,,,,,,,,,,,,,,,,o,,,,,,,,,,,,,,,,,,,,,,,,,,,,x,,,,,,,,,,,,,,,,,,,,,,,,,,,,,,,,,,,,,,,,,,,,,,,,,,,,,,,,,,,,,x,,,,x,,,,,,,,,,,
loach,.,,,,,,,,,,,,,,,,,,,,,,,,,,,,,,,,,,,,,,,,,,,,,,,,,,,,,,,,,,,,,,,,,,,,,,,,,x,,,,o,,,,,,,,,,,,,,,,,,,,,,,,,,,,,,,,,,,,,,,,,,,,,,,,,,,,,,,,,,,,,,,,,,,,,,,,,,,,,,,,,,,,,,,,,,,,,,,,,,,,,,,,,,,,,,,,,,,,x,,,,,o,,,,,,
bain,.,,,,,,,,,,,,,,,,,,,,,,,,,,,,,,,,,,,,,,,,,,,,,,,,,,,,,,,,,,,,,,,,,,,,,,,,,,,,,,,,,,,,,,,,o,,,,,,,,,,,,,,,,,,,,,,,,,,,,,,,,,,,,,,,,,,,,x,,,,,,,,,,,,,,,,,,,,,,,,,,,,,,,,,,,,,,,,,,,,,,,,,,,,,,,,,,,,,,,,,,,,o,,,,
doucette,.,,,,,,,,,,,,,,,,,,,,,,,,,,,,,,,,,,,,,,,,,,,,,,,,,,,,,,,,,,,,,,,,,,,,,,,,,,,,,,,,,,,,,,,,x,,,,,,,,,,,,,,,,,,,,,,,,,,,,,,,,o,,,,,,,,,,,,,,,,,,,,,,,,,,,,,,,,,,,,,,,,,,,,,,,,,,,,,,,,,,,,,,,,,,,,,,,,,x,,,,,,,,,,,
clipperton,.,,,,,,,,,,,,,,,,,,,,,,,,,,,,,,,,,,,,,,,,,,,,,,,,,,,,,,,,,,,,,,,,,,,,,,,,,,,,,,,,,,,,,,,,,,,,x,,,x,,o,,,,,,,,,,,,,,,,,,,,,,,,,,,,,,,,,,,,,,,,,,,,,,,,,,,,,,,,,,,,,,,,,,,,,,,,,,,,,,,,,,,,,,,,,,,,,,,,,,,,,,,,,o,,
rusk,.,,,,,,,,,,,,,,,,,,o,,,,,,,,,,,,,,,,,,,,,,,,,,,,,,,,,,,,,,,,,,,,,,,,,,,,,,,,,,,,,,,,,,,,,,,,,,,,,,,,,,,,,,,,,,x,,,,,,x,,,,,,,,,,,,,,o,,,,,,,,,,,,,,,,,,,,,,,,,,,,,,,,,,,,,,,,,,,,,,,,,,,,,,,,,,,,,,,,,,,,,,,,,,,,
moore,.,,,,,,,,,,,,,,,,,,,,,,,,,,,,,,,,,,,,,,,,,,,,,,,,,,,,,,,,,,,,,,,,,,,,,,,,,,,,,,,,,,,,,,,,,,,,,,,x,,,,,,,,,,,,,x,,,,,,,,,,,,,,,,,,,,,,,,,,,,,,,,,,,,,,,,,,,,,,,,,,,,,,,,,,,,,,,,,,,,,,,,,,,,,,,,,,,,,,,,,,,,,,,,x
gately,,.,,,,,,,o,,,,,,,,,,,,,x,,,,,,,,,,,,,,,,,,,,,,,,,,,,,,,,,,,,,o,,x,,,,,,,,,,,,x,,,,,,,,x,,x,,,x,,,,,,,,,,,x,,x,,,x,,x,,,,,,,x,,,,,,,,x,,,,,o,x,,x,,,,,x,,,,,,,,,,,,,,,x,,,,,,o,,o,,,,,,,,,,,,,,,,,x,x,,x,,x,,,x,,x,,x,,x,,x,,,o,,o,,,x,,x,,,,,,,
joelle,.,.,,,,,,,,,,,,,,,,,,,,,,,,,,,,,,,,,,,,,,,,,,,,,,,,,,,,,,,o,,,x,,,,,x,,x,,x,,o,,,,x,,,o,,,x,,,,o,x,,,,,,,,,,,,,,o,,,,o,,,,,,,x,,,o,,,,,x,,,,,o,,,x,,o,,,,,,,,,,,,,,,,,,x,,,,,,,,x,o,,o,x,o,x,o,,o,,,,,o,,,x,,,o,,x,,,,,,,,,o,x,,x,,x,x,,,,,,,,,,,,,
pat,,.,,,,,,,,,,,,,,,,,,,,,,,,,,,,,,,,,,,,,,,,,,,,,,,,,,,,,,,,,x,,,,,,,,,,,,,,o,,,,,,,,o,,,,,,,,,,,,,,,,,,,,,x,,o,,,,,,,,,,,,,,,,,,,,o,,,o,,,,,,,,,,,,,,,,,,,,,,,,,,,,,,,x,,x,,x,,,,,,,,,,x,,,,,,,,,,,,,,,,,,,o,,x,,,,,o,,,,,,,
gompert,,.,,,,,,,,,,,,,,,,,,,,,,,,,,,,x,,,,,,,,,,,,,,,,,,,,,,,,,,,,,,,,,x,,,,,,,,,,,,,,,,,,o,,,,,o,,,,,,,,,,,,,,,,,,,,,x,,,,,,,,,,,,,,,,,,o,,o,,,,x,,,,,,,,,x,x,,,,,,,,x,,,x,,,o,,,,,,o,,,,x,,,,,,,o,,,,,,,,,,,,,,,,,,,,,,,,,,,,,,,,,
lenz,,.,,,,,,,,,,,,,,,,,,,,,,,,,,,,,,,,,,,,,,,,,,,,,,,,,,,,,,,,,,,,,x,,,,,,,,,,x,,,,,,,,o,,,,,,,,,,,,,,,,,,,,,x,,,,,,,,,,x,,,,x,,x,o,,,,x,,,,x,,,,,,,,,,,,o,,,,,,,,,,,x,,,,,,,x,,,,,,,,,,,,,,,o,,x,,,,,,o,,,,,,,,,,,,,,,,,,o,,,,,,,
erdedy,,.,,,,,,,,x,,,,,,,,,,,,,,,,,,,,,,,,,,,,,,,,,,,,,,,,,,,,,,,,,,,,,,,,,,,,,,,,,,,,,,,x,,,,,,,,,,,,,,,,,,,,,,,,,,x,,,,,,,,,,,,,,,,,,,,x,,,,x,,,,,,,,o,,,,,,,,,,,,,,,,,,,,,,,,,,,,,,,,,,,,,,,,,o,,,,,,,,,,,,,,,,,,,,,,,,,
henderson,,.,,,,,,,,,,,,x,,,,,,,,,,,,,,,,,,,,,,,,,,,,,,,,,,,,,,,,,,,,,x,,,,,,,,,,,,,,,,,,,,,,o,,,,,,,,,,,,,,,,,,,,x,,,,,,,,x,,,,,,,,,,,,,,,,,,x,,x,,,,,,,,,,,,,,,,,,,,,,,,,,,,,,,,,o,,,,,,,,,,o,,,,,,,,,,,,,,,,,,,o,,,,,,,,,,,,,,
wardine,,.,,,,,,,,,,,,x,,,,,,,,,,,,,,,,,,,,,,,,,,,,,,,,,,,,,,,,,,,,,,,,,,,,,,,,,,,,,,,,,,,,,,,,,,,,,,,,,,,,,,,,,,,,,,,,,,,,,,,,,,,,,,,,,,,,,,,,,,,,,,,,,,,,,,,,,,,,,,,,,,,,,,,,,,,,,,,,,,,,,,,,,,,,,,,,,,,,,,,,,,,,,,,
roy-tony,,.,,,,,,,,,,,,o,,,,,,,,,,,,,,,,,,,,,,,,,,,,,,,,,x,,,,,,,,,,,,,,,,,,,,,,,,,,,,,,,,,,,,,,,,,,,,,,,,,,,,,,,,,,,,x,,,,,,,,,,,,,,,,,,,,,,,,,,,,,,,,,,,,,,,,,,,,,,,,,,,,,,,,,,,,,,,,,,,,,,,,,,,,,,,,,,,,,,,,,,,,,,,,,,
green,,.,,,,,,,,,,,,,x,,,,,,,,,,,,,,,,,,,,,,,,,,,,,,,,,,,,,,,,,,,,x,,,,x,,,,,,,,,,,,,,,,,,o,,,,,,,,,,,,,,,,,,,,,,,,,,,,,,,x,,,,x,,x,,,,,x,,,,x,,,,x,,,,,,,,,,,,,,,,,,,,,,,,,,,,,,,,,,,,,,,,,o,,,,,,,,,,,,,,,,,,,,,,,,,,,,,,,,,
bonk,,.,,,,,,,,,,,,,x,,,,,,,,,,,,,,,,,,,,,,,,,,,,,,,,,,,,,,,,,,,,,,,,,,,,,,,,,,,,,,,,,,,,,,,,,,,,,,,,,,,,,,,,,,,,,,,,,,,,,,,,,,,,o,,,,,,,,,,,,,,,,,,,,,,,,,,,,,,,,,,,,,,,,,,,,,,,,,,,,,,,,,,,,,,,,,,,,,,,,,,,,,,,,,,
doocey,,.,,,,,,,,o,,,,,x,,,,,,,,,,,,,,,,,,,,,,,,,,,,,,,,,,,,,,,,,,,,o,,,,,,,,,,,,,,,,,,,,,,,,,,,,,,,,,,,,,,,,,,,,,,,,,,,,,,,,,,,,,,,,,,,,,,,,,,,,,,,,,,,,,,,,,,,,,,,,,,,,,,,,,,,,,,,,,,,,,,,,,,,,,,,,,,,,,,,,,,,,,,,,,,
ewell,,.,,,,,,,,,,,,,,,,,,,,,,,,,,,,,,,x,,,,,,,,,,,,,,,,,,,,,,,,,,,,,,x,,,,,,,,,,,,,,,,,,o,,,,,o,,,,,,,,,,,,,,,,x,,,,,,,,,,,,,,,,,,,,,,,,,,,,,,,,,,,,,o,,,,,,,,,,,,,,,,,,,,,,,,,,,,,,,,,x,,,,,,,,,,,,,,,,,,,,,,,,,,o,,,,,,,
poor-tony,,.,,,,,,,,,,,,,,,,,,,,,,,,,,,,,,,,,,,,,,,,,,,,,x,,,,,x,,,,,,,,,,,,,,,,,,,,,,,,x,,,,,,,,,,,,,,,,,,,,,,,,,,,,,,,,,,,,,,,,,,,,,,,,,,,,,,,,x,,,,x,,x,,,x,,,,,,,,x,,,x,,,,,o,,,,,,,,,,,,,,,,,x,,,,,,,,,,,,,,,,,,,,,,o,,,,,,,,,
minty,,.,,,,,,,,,,,,,,,,,,,,,,,,,,,,,,,,,,,,,,,,,,,,,x,,,,,,,,,,,,x,,,,x,,,,,,,,,,,,,o,,,,,,,,,,,,,,,,,,,,,,,,,,,,,,,,,,,,,,,,,,,,,,,,,,,x,,,,,,,,,,,,,,,,,,,,,,,,,,,,,,,,,,,o,,,,,,,,,,o,,,,,,,,,,,,,,,,,,,,,,,,,,o,,,,,,,
smith,,.,,,,,,,,,,,,,,,,,,,,,,,,,,,,,,,,,,,,,,,,,,,,,x,,,,,,,,,,,,,,,,,,,,,,,,,,x,,,,,,,,,,,,,,,,,,,,,,,,,,,,,x,,,,,,,,,,,,,,,,,,,,,,,,,,,,,,,,,,,,,,,,,,,,,,,,,,,,,,,,,,,,,,,,,,,,,,o,,,,,,,,o,,,,,,,,,,,,,,,,,,,,,,,,,
lolasister,,.,,,,,,,,,,,,,,,,,,,,,,,,,,,,,,,,,,,,,,,,,,,,,x,,,,,,,,,,,,,,,,,,,,,,,,,,,,,o,,,,,,,,,,,,,,,,,,,,,,,,,,,,,,,,,,,,,,,,,,,,,,,,,,,,,,,,,,,,,,,,,,,,,,,,,,,,,,,,,,,,,,,,,,,,,,,,,,,,,,,,,,,,,,,,,,,,,,,,,,,,,,,,,
cheese,,.,,,,,,,,,,,,,,,,,,,,,,,,,,,,,,,,,,,,,,,,,,,,,x,,,,,,,,,,,,,,,,,,,,,,,,,,,,,o,,,,,,,,,,,,,,,,,,,,,,,,,,,,,,,,,,,,,,,,,,,,,,,,,,,,,,,,,,,,,,,,,,,,,,,,,,,,,,,,,,,,,,,,,,,,,,,,,,,,,,,,,,,,,,,,,,,,,,,,,,,,,,,,,
mcnair,,.,,,,,,,,,,,,,,,,,,,,,,,,,,,,,,,,,,,,,,,,,,,,,o,,,,,,,,,,,,,,,,,,,,,,,,,,,,,o,,,,,,,,,,,,,,,,,,,,,,,,,,,,,,,,,,,,,,,,,,,,,,,,,,,,,,,,,,,,,,o,,,,,,,,,,,,,,,,,,,,,,,,,,,,,,,,,,,,,,,,,,,,,,,,,,,,o,,,,,,,,,,,,,,,
delphina,,.,,,,,,,,,,,,,,,,,,,,,,,,,,,,,,,,,,,,,,,,,,,,,o,,,,,,,,,,,,,,,,,,,,o,,o,,,,,,,,,,,,,,,,,,,,,,,,,,,,,,,,,,,,,,,,,,,,,,,,,,,,,,,,,,,,,,,,,,,,,,,,,,,,,,,,,,,,,,,,,,,,,,,,,,,,,,,,,,,,,,,,,,,,,,,,,,,,,,,,,,,,,,,,
wo,,.,,,,,,,,,,,,,,,,,,,,,,,,,,,,,,,,,,,,,,,,,,,,,x,,,,,,,,,,,,,,,,,,,,,,,,,,,,,o,,,,,,,,,,,,,,,,,,,,,,,,,,,,,,,,,,,,,,,,,,,,,,,,,,,,,,,,,,,,,,,,,,,,,,,,,,,,,,,,,,,,,,,,,,,,,,,,,,,,,,,,,,,,,,o,,,,,,,,,,,,,,,,,,,
sorkin,,.,,,,,,,,,,,,,,,,,,,,,,,,,,,,,,,,,,,,,,,,,,,,,o,,,,,,,,,,,,,,,,,,,,,,,,,,,,,,,,,,,,,,,,,,,,,,,,,,,,,,,,,,,,,,,,,,,,,,,,,,,,,,,,,,,,,,,,,,,,,,,,,,,,,,,,,,,,,,,,,,,,,,,,,,,,,,,,,,,,,o,,,,o,,o,,,,,,,,,,o,,,,,,,,,
kite,,.,,,,,,,,,,,,,,,,,,,,x,,,,,,,,,,,,,,,,,,,,,,,,,,,,,,,,,,,,,,,,,,,,,,,,,,,,,,,,,,,,,,,,,,,,,,,,,,,,,,,,,,,,,,,,,,,,,,,,,,,,,,,,,o,,,,,,,,,,,,,,,,,,,,,,,,,,x,,,,,,,,,,,,,,,,,,,,,,,,,,,o,,o,,o,,o,,,,,,,,,,,,,,,,,,,
fax,,.,,,,,,,,,,,,,,,,,,,,,,,,,,,,,,,,,,,,,,,,,,,,,,,,,,,,,,,,,,,,,,,,,,,,,,,,,,,,,,,,,,,,,,,,,,,,,,,,,,,,,,,,,,,,,,,,,,,,,,,,,,,,,o,,,,,,,,,,,,,,,,,,,,,,,,,,,,,,,,,,,,,,,,,,,,,,,,,,,,,o,,,,o,,o,,o,,,,,,,,o,,,,,,,,,
bobby-c,,.,,,,,,,,,,,,,,,,,,,,,,,,,,,,,,,,,,,,,,,,,,,,,x,,,,,,,,,,,,,,,,,,,,,,,,,,,,,o,,,,,,,,,,,,,,,,,,,,,,,,,,,,,,,,,,,,,,,,,,,,,,,,,,,,,,,,,,,,,,,,,,,,,,,,,,,,o,,,,,,,,,,,,,,,,,,,,,,,,,,,,,,,,,,o,,,,,,,,,,o,,,,,,,,,
phj,,.,,,,,,,,,,,,,,,,,,,,,,,,,,,,,,,,,,,,,,,,,,,,,,,,,,,,,,,,,,,,,,,,,,,,,,,,,,,,,,,,,,,,,,,,,,,,,,,,,,,,o,,,,,,,,,,,,,,,,,,,,,,,,,,,,,,,,,,,,,,,,,,,,,,,,,,,,,,,,,,,,,,,,,,,,,,,,,,,,,,,,,,,,o,,o,,,,,,,,o,,,,,,,,,
guy,,.,,,,,,,,,,,,,,,,,,,,,,,,,,,,,,,,,,,,,,,,,,,,,,,x,,,,,,,,,,,,,,,,,,,,,,,,o,,,,,,,,,,,,,,,,,,,,,,,,,,,,,,,,,,,,,,,,,,,,,,,,,,,,,,,,,,,,,,,,,,,,,,,,,,,,,,,,,,,,,,,,,,,,,,,,,,,,,,,,,,,,,,,,,,,,,,,,,,,,,,,,,,,,
diehl,,.,,,,,,,,,,,,,,,,,,,,,,,,,,,,,,,,,,,,,,,,,,,,,,,,,,,,,,,,,o,,,,x,,,,,,,,,,,,,,,,,,o,,,,,,,,,,,,,,,,,,,,,,,,,,,,,,,,,,,,,,,,,,,,,,x,,,,,,,,,,,,,,,,,,,,,,,,,,,,,,,,,,,,,,,,,,,,,o,,,,,,,,x,,,,,,,,,,,,,,,,,,,,,,,,,
mcdade,,.,,,,,,,,,,,,,,,,,,,,,,,,,,,,,,,,,,,,,,,,,,,,,,,,,,,,,,,,,o,,,,x,,,,,,,,,,,,,,,,,,o,,,,,,,,,,,,,,,,,,,,,x,,,,,,,,,x,,,,,,,,x,,,,,,,,x,,,,,,,,,,,,,,,,,,,,,,,,,,,,,,,,o,,,o,,,,,,,,,,o,,,,,,,,x,,,,,,,,,,,,,,,,,,,,,,,,,
engineer,,.,,,,,,,,,,,,,,,,,,,,,,,,,,,,,,,,,,,,,,,,,,,,,,,,,,,,,,,,,,x,,,,,,,,,,,,,,,,,,,,,,,,,,,,,,,,,,,,,,,,,,,,,,,,,,,,,,,,,,,,,,,,,,,,x,,,,,,,,,,,,,,,,,,,,,,,,,,,,x,,,,,,,,,,,,,,,,,,,,,,,,,,,,,,,,,,,,,,,,,,,,,,,,,
glynn,,.,,,,,,,,,,,,,,,,,,,,,,,,,,,,,,,,,,,,,,,,,,,,,,,,x,,,,,,,,,,,,,x,,,,,,,,,,,,,,,,,,o,,,,,,,,,,,,,,,,,,,,,x,,,,,,,,,,o,,,,,,,,,,,,,o,,x,,,,,,,,,,,,,,,,,,,,,,,,,,,,,,,,,,,,,,,,,,,,,o,,,,,,,,o,,,,,,,,,,,,,,,,,,,,,,,,,
foss,,.,,,,,,,,,,,,,,,,,,,,,,,,,,,,,,,,,,,,,,,,,,,,,,,,,,,,,,,,,,,,,x,,,,,,,,,,,,,,,,,,o,,,,,,,,,,,,,,,,,,,,,,,,,,,,,,,,,,,,,,x,,,,,,,,x,,,,,,,,,,,,,,,,,,,,,,,,,,,,,,,,,,,,,,,,,,,,,o,,,,,,,,,,,,,,,,,,,,,,,,x,,,,,,,,,
belbin,,.,,,,,,,,,,,,,,,,,,,,,,,,,,,,,,,,,,,,,,,,,,,,,,,,,,,,,,,,,,,,,x,,,,,,,,,,o,,,,,,,,o,,,,,,,,,,,,,,,,,,,,,,,,,,,,,,,,,,,,,,,,,,,,,,x,,,,,,,,,,,,,,,,,,,,,,,,,,,,,,,,,,,,,,,,,,,,,o,,,,,,,,,,,,,,,,,,,,,,,,,,,,,,,,,
neaves,,.,,,,,,,,,,,,,,,,,,,,,,,,,,,,,,,,,,,,,,,,,,,,,,,,,,,,,,,,,,,,,x,,,,,,,,,,,,,,,,,,o,,,,,,,,,,,,,,,,,,,,,,,,,,,,,,,,,,,,,,,,,,,,,,x,,x,,,,,,,,,,,,,,,,,,,,,,,,,,,,,,,,,,,,,,,,,,,,,,,,,,,,,,,,,,,,,,,,,,,,,,,,,,,,
foltz,,.,,,,,,,,,,,,,,,,,,,,,,,,,,,,,,,,,,,,,,,,,,,,,,,,,,,,,,,,,,,,,x,,,,,,,,,,o,,,,,,,,,,,,,,,,,,,,,,,,,,,,,,,,,,x,,,,,,,,,,,,,,,,,,,,,,,,,,,,,,,,,,,,,,,,,,,,,,,,,,,,,,,x,,,,,x,,,,,o,,,,,,,,,,,,,,,,,,,,,,,,,,,,,,,,,
gunther,,.,,,,,,,,,,,,,,,,,,,,,,,,,,,,,,,,,,,,,,,,,,,,,,,,,,,,,,,,,,,,,x,,,,,,,,,,,,,,,,,,,,,,,,,,,,,,,,,,,,,,,,,,,,,,,,,,,,,,,,,,,,,,,,x,,,,,,,,,,,,,,,,,,,,,,,,,,,,,,,x,o,,,,,,,,,,,,,,,,,,,,,,,,,,,,,,,,,,,,,,,,,,,,,,
tingley,,.,,,,,,,,,,,,,,,,,,,,,,,,,,,,,,,,,,,,,,,,,,,,,,,,,,,,,,,,,,,,,x,,,,,,,,,,,,,,,,,,,,,,,,,,,,,,,,,,,,,,,,,,,,,,,,,,,,,,,,x,,,,,,o,,x,,,,,,,,,,,,,,,,,,,,,,,,,,,,,,,,,,,,,,,,,,,,,,,,,,,,,,,,,,,,,,,,,,,,,,,,,,,,,,
notkin,,.,,,,,,,,,,,,,,,,,,,,,,,,,,,,,,,,,,,,,,,,,,,,,,,,,,,,,,,,,,,,,,,x,,,,x,,,,,,,,,,,,o,,,,,,,,,,,,,,,,,,,,,,,,,,,,,,,,,,,,,,,,,,,,,,,o,,,,,,,,,,,,,,,,,,,,,,,,,,,,,,,,,,,,,,,,,x,,,,,,,,,,,,,,,,,,,,,,,,,,,,,,,,,,,,
day,,.,,,,,,,,,,,,,,,,,,,,,,,,,,,,,,,,,,,,,,,,,,,,,,,,,,,,,,,,,,,,,,,,,,,,,,,x,,,,,,,,o,,,,,,,,,,,,,,,,,,,,,x,,,,,,,,,,,,,,,,,,,,,,,,,x,,,,x,,,,,,,,x,,,,,,,,,,,o,,,,,,,,x,,,,,,,,,,,,,,o,x,,,,,,,,,,,,,,,,,,,,,,,,,x,,,,o,,,
martinez,,.,,,,,,,,,,,,,,,,,,,,,,,,,,,,,,,,,,,,,,,,,,,,,,,,,,,,,,,,,,,,,,,,,,,,,,,o,,,,,,,,x,,,,,,,,,,,,,,,,,,,,,o,,,,,,,,,,,,,,,,,,,,,,,,,o,,,,,,,,,,,,,,,,,,,,,,,,,,,,,,,,,,,,,,,,,,,,,,,,,,,,,,,,,,,,,,,,,,,,,,,,,,,,,,
gehaney,,.,,,,,,,,,,,,,,,,,,,,,,,,,,,,,,,,,,,,,,,,,,,,,,,,,,,,,,,,,,,,,,,,,,,,,,,o,,,,,,,,x,,,,,,,,,,,,,,,,,,,,,o,,,,,,,,,,,,,,,,,,,,,,,,,,,,,,,,,,,,,,,,,,,,,,,,,,,,,,,,,,,,,,,,,,,,,,,o,,,,,,,o,,,,,,,,,,,,,,,,,,,,,,,,,
johnson,,.,,,,,,,,,,,,,,,,,,,,,,,,,,,,,,,,,,,,,,,,,,,,,,,,,,,,,,,,,,,,,,,,,,,,,,,,,,,,,,,,,,,,,,,,,,,,,,,,,,,,,,o,,,,,,,,o,,,,,,,,,,,,,o,,o,,,,,,,,,,,,,,,,,,,,,,,,,,,,,,,,,,,,,,,,,,,,,o,,,,,,,,,,,,,,,,,,,,,,,,,,,,,,,,,
willis,,.,,,,,,,,,,,,,,,,,,,,,,,,,,,,,,,,,,,,,,,,,,,,,,,,,,,,,,,,,,,,,,,,,,,,,,,,,,,,,,,,,,,,,,,,,,,,,,,,,,,,,,,,,,,,,,,,,,,,,x,,,,,,,,x,,,,,,,,,,,,,,,,,,,,,,,,,,,,,,,,,,,,,,,,,,,,,o,,,,,,,,,,,,,,,,,,,o,,,,,,,,,,,,,,
van-cleve,,.,,,,,,,,,,,,,,,,,,,,,,,,,,,,,,,,,,,,,,,,,,,,,,,,,,,,,,,,,,,,,,,,,,,,,,,,,,,,,,,,,,,,,,,,,,,,,,,,,,,,,,,,,,,,,,,,,,,,,,,,,,,x,,,,,,,,,,,,,,,,x,,,,,,,,x,,,x,,,,,o,,,,,,,,,,,,,,,o,,,,,,,,,,,,,,,,,,,,,,,,,,,,,,,,,
matty,,.,,,,,,,,,,,,,,,,,,,,,,,,,,,,,,,,,,,,,,,,,,,,,,,,,,,,,,,,,,,,,,,,,,,,,,,,,,,,,,,,,,,,,,,,,,,,,,,,,,,,,,,,,,,,,,,,,,,,,,,,,,,,,,,,,,,,,,x,,x,,,,,,,,,,,,,,,,,,,,,,,,,,,,,,,,,,,,,,,,,,,,,,,,,,,,,,,,,,,,,,,,,,,
thrust,,.,,,,,,,,,,,,,,,,,,,,,,,,,,,,,,,,,,,,,,,,,,,,,,,,,,,,,,,,,,,,,,,,,,,,,,,,,,,,,,,,,,,,,,,,,,,,,,,,,,,,,,,,,,,,,,,,,,,,,,,,,,,,,,,,,,,,,,,,,,,,,,,,,,,,,,,,,,,,,,,,,,,,,,,,,,x,,,,,,,,,,,,,,,,,,,,,,,,,,,,,,,,,
thrale,,.,,,,,,,,,,,,,,,,,,,,,,,,,,,,,,,,,,,,,,,,,,,,,,,,,,,,,,,,,,,,,,,,,,,,,,,,,,,,,,,,,,,,,,,,,,,,,,,,,,,,,,,,,,,,,,,,,,,,,,,,,,x,,,x,,,,,,,,,,,,,,,,,,,,,,,,,,,,,,,,,,,,,,,,,,,,,o,,,,,,,,,,,,,,,,,,,,,,,,,,,,,,,,,
steeply,,,.,,,,,,,,,,,,,,,,,,,,,,,,,,,,,,,,x,,x,,x,,x,,,x,x,,,,,,,x,,,,,,,,,,,,,,,,x,,,o,,,,,,,,x,x,,,,x,,,,o,,,,,,,x,,,,,,,,x,,x,,,x,,x,,,,,,,,,,o,,o,,,,,,x,,x,,x,x,,x,,,,,,,,,,,,o,,,,,,o,,,,,,,o,,,,,,o,,,,,,,,,,,,,,,,,,,,,x,,x,,,,,,,,,,o,x,x,,,,
gentle,,,.,,,,,,,,,,,,,,,,,,,,,,,o,,,,,,,,,,,,,,,,,,,,,,,,,,,,,,,,,,,,,,,,,,,,,,,,,o,,o,,o,,,,,,,,,o,,o,,,o,o,,,,o,,,,,,,,,,,,,,,,,,,,,,,,,,,,,,,,,,,,,,,,,,,,,,,,,,,,,,,,,,,,,,,,,,,,,,,,,o,,,,,,,,,,,,,,,,,,,,,,,,,,,,o,,,,,,
tine-sr,,,.,,,,,,,,,,,,,,,,,,,,,,,,,,,,,,,,o,,o,,,,o,,,,,,,,,,,,,,,,,,,,,,,,,,,,,,,,,,,,o,,,,,,,,,,,,,,,,o,,,,,o,,,,,,,,,,,,o,,,,x,,,,,,,,,,,,,,x,,,,,,,,,,,,,,,,,,,,,,,,,,,,,,,,,,,,,,,,,,,,,,,,,,,x,,,,,,,,,,,,,,,,,,,,,,,,,,
tine-jr,,,.,,,,,,,,,,,,,,,,,,,,,,,,,,,,,,,,,,,,,,,,,,,,,,,,,,,,,,,,,,,,,,,,,,,,,,,,,,,,,,,,,,,,,,,,,,,,,,,,,,,,,,,,,,,,,,,,,,,,,,,,,,,,,x,,,,,,,,,,,,,,,,,,,,,,,,,,,,,,,,,,,,,,,,,x,,,,,,,,,,x,,,,,,,,,,,,,,,,,,,,,,,,,,
nema,,,.,,,,,,,,o,,x,,,,x,,,x,,,,,,,,,,,,,,x,o,,,,,,,,,,,,,,,,,,,,,,,,,,,,,,,,,,,,,,,,,,,,o,,,,,,,,,,,,,,,,,,,,,,,,,,,,,,,,,,,,,,,,,,,,,,,o,,,,,,,o,,,,,,,,,,,,,,,,,,,,,,,,,,,,,,,,,,,,,,,,,,,,,,,,,,,,,,,,,o,,,,,,,,,,,,,,,
nema-wife,,,.,,,,,,,,,,,,,,,,,x,,,,,,,,,,,x,,,x,,,,,,,,,,,,,,,,,,,,,,,,,,,,,,,,,,,,,,,,,,,,,,,,,,,,,,,,,,,,,,,,,,,,,,,,,,,,,,,,,,,,,,,,,,,,,,,,,,,,,,,,,,,,,,,,,,,,,,,,,,,,,,,,,,,,,,,,,,,,,,,,,,,,,,,,,,,,,,,,,,,,,,,,,,,
ada,,,.,,,,,,,,,,,,,,,,,,,o,,,,,,,,,,,,,,,,,,,,,,,,,,,,,,,,,,,,,,,,,,,,,,,,,,,,,,,,,,,,,,,,,,,,,,,,,,,,,,,,,,,,,,,,,,,,,,,,,,,,,,,,,,,,,,,,,,,,,,,,,,,,,,,,,,,,,,,,,,,,,,,,,,,,,,o,o,,,,o,,,,,,,,,,,,,,,,x,,,x,,,,,,,,,
guards,,,.,,,,,,,,,,,,,,,,,,,,,,,,,,,,,,,x,,,,,,,,,,,,,,,,,,,,,,,,,,,,,,,,,,,,,,,,,,,,,,,,,,,,,,,,,,,,,,,,,,,,,,,,,,,,,,,,,,,,,,,,,,,,,,,,,,,,,,,,,,,,,,,,,,,,,,,,,,,,,,,,,,,,,,,,,,,,,,,,,,,,,,,,,,,,,,,,,,,,,,,,,,,
pamphleteers,,,.,,,,,,,,,,,,,,,,,,,,,,,,,,,,,,,x,,,,,,,,,,,,,,,,,,,,,,,,,,,,,,,,,,,,,,,,,,,,,,,,,,,,,,,,,,,,,,,,,,,,,,,,,,,,,,,,,,,,,,,,,,,,,,,,,,,,,,,,,,,,,,,,,,,,,,,,,,,,,,,,,,,,,,,,,,,,,,,,,,,,,,,,,,,,,,,,,,,,,,,,,,,
adjuster,,,.,,,,,,,,,,,,,,,,,,,,,,,,,,,,,,,,,,,,,,,,,,,,,,,x,,,,,,,,,,,,,,,,,,,,,,,,,,,,,,,,,,,,,,,,,,,,,,,,,,,,,,,,,,,,,,,,,,,,,,,,,,,,,,,,,,,,,,,,,,,,,,,,,,,,,,,,,,,,,,,,,,,,,,,,,,,,,,,,,,,,,,,,,,,,,,,,,,,,,,,,,,,
hoyne,,,.,,,,,,,,,,,,,,,,,,,,,,,,,,,,,,,,,,,,,,,,,,,,,,,,,,,,,,,,,,,,,,,,,,,,,,,,,,,,,,,,,,,,,,,,,,,,,,,,,,,,,,,,,o,,,,,,,,,,,,,,,,,,,,,,,,,,,,,,,,,,,,,,,,,,,,,,,,,,,,,,,,,,,,,,,,,,,,,,,,,,,,,,,,,,,,,,,,,,,,,,,,,
marathe,,,,.,,,,,,,,,,,,,,,,,,,,,,,,,,,,,,,x,,x,,,,x,,,x,x,,,,,,,,,,,,,,,,,,,,,,,,,,,,,,,,,,x,,,,,x,,,,,,,,,,,x,,,,,,,,x,x,x,,,x,,x,,,,,,,,,,,,,,,,,,,,x,,,,,,,,,,,,,,,,,,,,,x,,x,,,x,,x,,x,,x,,,x,,,,,,,,,x,,,,,,,,,,,,,,,,,,,,,,,,,,,,,,,
poutrincourt,.,,,.,,,,,,,,,,,,,,,,,,,,,,,,,,,,,,,,,,,,,,,,,,,,,,,,,,,,,,,,,,,,,,,,,,,,,,,,,x,,,,,,,,,,,,,,,,,,,,,,,,,,,,,,,,,,,,,,,,,,,,,,,,,,,,,,,x,,,x,,,,,,,,,,,,o,,,,,,,,,o,,,,,,,,,,,,,,,,,,,,,,,,,,,,,,,,,,,,,,o,,,,,,,,o,,,
duplessis,,,,.,,,,,,,o,,,,,,,,,,,x,,,,,,,,,,,,,,,o,,,,,,,,,,,,,,,,,,,,,,,,,,,,,,,,,,,,,,,,,,o,,,,,,,,,,,,,,,,,,,,,,,,,o,o,,,,,,,,,,,,,,,,,,,,,,o,,,,,,,,,,,,,,,,,,,,,,,,,,o,,,o,,,,,,,,,,,,,,,,,,,,,,,,,,,,,,,,,,,,,,,,,,,,,,,,,
luria,,,,.,,,,,,,o,,,,,,,,,,,,,,,,,,,,,,,,o,,o,,,,o,,,,,,,,,,,,,,,,,,,,,,,,,,,,,,,,,,,,,,,,,,,,,,,,,,,,o,,,,,o,,,,,,,,,,,,,,,,,,,,,,x,,o,,,,x,,,,,,x,,,,,,,,,,,,,,,,,,,,,,,,o,,,,,,,,,,,,,,,,,,o,,,,,,,,,,,,,,,,,,,,,x,,,,,,,,,,
fortier,,,,.,,,,,,,,,,,,,,,,,,,,,,,,,,,,,,,o,,,,,,,,,o,,,,,,,,,,,,,,,,,,,,,,,,,,,,,,,,,,,,,,,,,,,,,,,,,,,,,,,,,,,o,x,,,,,,o,,,,,,,,,,,,,,,,x,,,,,,,,,,,,,,,,,,,,,,,,,x,,x,x,,x,,,,o,,,,,,,,,,,,,,o,,,,,,,,,,,,,,,,,,,,,x,,,,,,,,,,
broullîme,,,,.,,,,,,,,,,,,,,,,,,,,,,,,,,,,,,,,,,,,,,,,o,,,,,,,,,,,,,,,,,,,,,,,,,,,,,,,,,,,,,,,,,,,,,,,,,,,,,,,,,,,,,o,,,,,,,,,,,,,,,,,,,,,,,,,,,,,,,,,,,,,,,,,,,,,,x,,x,,,x,,,,,,,,,,,,,,,,,,x,,,,,,,,,,,,,,,,,,,,,,,,,,,,,,,
antitois,,,,.,,,,,,,,,,,,,,,,,,,,,,,,,,,,,,,,,,,,,,,,,,,,,,,,,,,,,,,,,,,,o,,,,,,,,,,,,o,,,,,,,,,,,,,,,,,,,,,,,,,,,,x,,,,,,,,,,,,,,,,,,,,,,,,,,,,,,,,,,o,,,,,,,,,,,,,x,o,x,,,o,,,,,,,,,,,,,,,,,,,,,,,,,,,,,,o,,,,,,,,,,,,,,,,,,,
trio,,,,.,,,,,,,,,,,,,,,,,,,,,,,,,,,,,,,,,,,,,,,,,,,,,,,,,,,,,,,,,,,,,,,,,,,,,,,,,,,,,,,,,,,,,,,,,,,,,,,,,,,,,,,,,,,,,,,,,,,,,,,x,,,,x,,,,,,,,,,,,,,,,,,,,,,,,,,,,,,,,,,,,,,,,,,,,,o,o,,,,,,,o,,,,,,,,,,,,,,,,,,,,,,,,,
